bvid,aid,title,pubdate_ts,pubdate,ctime_ts,duration_seconds,tid,tid_v2,category_name,view_count,danmaku_count,comment_count,favorite_count,coin_count,share_count,like_count,description,owner_mid,owner_name,creator_uids_json,creators_json,first_creator_mid,first_creator_name,first_creator_follower_count,first_creator_bio,tags_json,tags_text,target_tag_match,is_cooperation,ai_suspected,ai_score,ai_reasons_json,music_candidates_json,music_evidence_json,argue_message,cover_url,video_url,fetched_at,matched_keywords,matched_keyword_count,search_window_hit_count,discovery_sources
BV1f4EZ61EUm,116726507441539,【又一充电中】又一次新手上路-2026.06.10-纯净版,1781106461,2026-06-10T23:47:41+08:00,1781106461,12863,27,2072,,12,0,0,0,0,0,6,"又一充电中 https://space.bilibili.com/1217754423/
录播自动上传",526364731,鎏绶,[526364731],"[{""mid"":526364731,""name"":""鎏绶"",""role"":""UP主""}]",526364731,鎏绶,173,,"[""又一充电中""]",又一充电中,0,0,0,0,[],[],[],,http://i0.hdslb.com/bfs/archive/5fcee59963b10f153d88fc827d80f6f62dca2e74.jpg,https://www.bilibili.com/video/BV1f4EZ61EUm,2026-06-10T20:02:50+00:00,又一充电中,1,1,keyword_search:又一充电中
BV1wpEZ6EEYz,116726490464773,【又一】永远怀念“junni0110”😭牢又公然盗号小偶像游戏账号👿俺寻思这号也妹人要啊，是我的了😋,1781105198,2026-06-10T23:26:38+08:00,1781105198,108,27,2047,,5057,1,25,41,0,3,172,"又一充电中 https://space.bilibili.com/1217754423/
梨安不迷路 https://space.bilibili.com/1900141897/
恬豆发芽了 https://space.bilibili.com/1660392980/
沐霂是MUMU呀 https://space.bilibili.com/1878154667/
2026.06.10直播剪辑",1113769832,秩序丶安,[1113769832],"[{""mid"":1113769832,""name"":""秩序丶安"",""role"":""UP主""}]",1113769832,秩序丶安,36936,,"[""钓鱼"",""逆天"",""搞笑"",""四禧丸子"",""又一充电中"",""丸河"",""开盒"",""抽象"",""虚拟主播"",""整活""]",钓鱼|逆天|搞笑|四禧丸子|又一充电中|丸河|开盒|抽象|虚拟主播|整活,1,0,0,0,[],[],[],,http://i0.hdslb.com/bfs/archive/fefa8925c218027736fc124687284108615da48e.jpg,https://www.bilibili.com/video/BV1wpEZ6EEYz,2026-06-10T20:10:15+00:00,又一充电中,1,1,keyword_search:又一充电中
BV1txER6UE2i,116726272367602,【又一】爆了！右上角不慎露出美女ID“junni0110”💥赛完赶紧掩耳盗铃用黑块挡住ID名😅,1781101836,2026-06-10T22:30:36+08:00,1781101836,129,27,2072,,2625,1,11,14,0,1,85,"恬豆发芽了 https://space.bilibili.com/1660392980/
又一充电中 https://space.bilibili.com/1217754423/
沐霂是MUMU呀 https://space.bilibili.com/1878154667/
梨安不迷路 https://space.bilibili.com/1900141897/

又一2026年6月10日21:00场",35988650,蜘蛛侠_Official,[35988650],"[{""mid"":35988650,""name"":""蜘蛛侠_Official"",""role"":""UP主""}]",35988650,蜘蛛侠_Official,9945,,"[""虚拟偶像"",""搞笑"",""赛车"",""四禧丸子"",""又一充电中"",""丸河"",""极限竞速：地平线"",""地平线"",""虚拟主播"",""整活""]",虚拟偶像|搞笑|赛车|四禧丸子|又一充电中|丸河|极限竞速：地平线|地平线|虚拟主播|整活,1,0,0,0,[],[],[],,http://i0.hdslb.com/bfs/archive/4b9339d35ecf7e4aff3021945b038300847df9cb.jpg,https://www.bilibili.com/video/BV1txER6UE2i,2026-06-10T20:09:50+00:00,又一充电中,1,1,keyword_search:又一充电中
BV1AeER65EhA,116726255717696,【又一】爆了！又神账号id漏出来了“junni0110”😰发现爆了后欲盖弥彰拿黑块掩盖id笑嘻了🤣,1781101681,2026-06-10T22:28:01+08:00,1781101681,147,27,2047,,13662,6,93,99,6,21,305,"又一充电中 https://space.bilibili.com/1217754423/
梨安不迷路 https://space.bilibili.com/1900141897/
恬豆发芽了 https://space.bilibili.com/1660392980/
沐霂是MUMU呀 https://space.bilibili.com/1878154667/
2026.06.10直播剪辑",1113769832,秩序丶安,[1113769832],"[{""mid"":1113769832,""name"":""秩序丶安"",""role"":""UP主""}]",1113769832,秩序丶安,36936,,"[""逆天"",""钓鱼"",""搞笑"",""四禧丸子"",""又一充电中"",""丸河"",""抽象"",""开盒"",""虚拟主播"",""整活""]",逆天|钓鱼|搞笑|四禧丸子|又一充电中|丸河|抽象|开盒|虚拟主播|整活,1,0,0,0,[],[],[],,http://i0.hdslb.com/bfs/archive/2c9bc8bbbea978853362d2c0ea12a16ed57b8bd2.jpg,https://www.bilibili.com/video/BV1AeER65EhA,2026-06-10T19:49:02+00:00,又一充电中,1,1,keyword_search:又一充电中
BV13cEd6RENY,116726154926141,【又一】现在我健身都得吃蛋白粉，练起来嘎嘎猛，现在我变胖了力气也变大了😤梨安是禧运楼最强壮的人，她生来就壮💪怒喷恬豆熬完夜去健身，她太虚了！FW！,1781099853,2026-06-10T21:57:33+08:00,1781099853,156,27,2128,,1559,2,13,8,0,1,68,"恬豆发芽了 https://space.bilibili.com/1660392980/
又一充电中 https://space.bilibili.com/1217754423/
沐霂是MUMU呀 https://space.bilibili.com/1878154667/
梨安不迷路 https://space.bilibili.com/1900141897/

又一2026年6月10日21:00场",35988650,蜘蛛侠_Official,[35988650],"[{""mid"":35988650,""name"":""蜘蛛侠_Official"",""role"":""UP主""}]",35988650,蜘蛛侠_Official,9945,,"[""虚拟偶像"",""健身"",""可爱"",""搞笑"",""四禧丸子"",""恬豆"",""又一充电中"",""梨安"",""虚拟主播"",""整活""]",虚拟偶像|健身|可爱|搞笑|四禧丸子|恬豆|又一充电中|梨安|虚拟主播|整活,1,0,0,0,[],[],[],,http://i0.hdslb.com/bfs/archive/7e3065619863afd5c14ae7199d96158e2661582c.jpg,https://www.bilibili.com/video/BV13cEd6RENY,2026-06-10T19:45:41+00:00,又一充电中,1,1,keyword_search:又一充电中
BV1TuEd6JEwq,116726071034375,【又一充电中】录播(无弹幕)| 又一次新手上路-2026-06-10 21-01-31-552~,1781098778,2026-06-10T21:39:38+08:00,1781098778,11860,27,2047,,2,0,0,0,0,0,5,"四禧丸子录播
这切片，到底切多快才算快~
录播（本地1）

恬豆发芽了 https://space.bilibili.com/1660392980/
又一充电中 https://space.bilibili.com/1217754423/
沐霂是MUMU呀 https://space.bilibili.com/1878154667/
梨安不迷路 https://space.bilibili.com/1900141897/",3546873990219945,愉光Omega,[3546873990219945],"[{""mid"":3546873990219945,""name"":""愉光Omega"",""role"":""UP主""}]",3546873990219945,愉光Omega,316,,"[""虚拟偶像"",""搞笑"",""虚拟UP主"",""又一"",""四禧丸子"",""沐霂"",""恬豆"",""梨安""]",虚拟偶像|搞笑|虚拟UP主|又一|四禧丸子|沐霂|恬豆|梨安,1,0,0,0,[],[],[],,http://i1.hdslb.com/bfs/archive/8aaa005803963fcebe090002b6cea190474b94f3.jpg,https://www.bilibili.com/video/BV1TuEd6JEwq,2026-06-10T20:20:39+00:00,又一充电中,1,1,keyword_search:又一充电中
BV1eXER6cE12,116726054324890,【又一】时守星沙帮我修好了电脑，我批准她一个星期的免喷权😎不许你们再骂她了😤弹幕：免喷一天差不多得了😅,1781098410,2026-06-10T21:33:30+08:00,1781098410,130,27,2047,,4899,1,19,34,0,0,200,"又一充电中 https://space.bilibili.com/1217754423/
梨安不迷路 https://space.bilibili.com/1900141897/
恬豆发芽了 https://space.bilibili.com/1660392980/
沐霂是MUMU呀 https://space.bilibili.com/1878154667/
2026.06.10直播剪辑",1113769832,秩序丶安,[1113769832],"[{""mid"":1113769832,""name"":""秩序丶安"",""role"":""UP主""}]",1113769832,秩序丶安,36936,,"[""逆天"",""搞笑"",""时守星沙"",""四禧丸子"",""又一充电中"",""抽象"",""虚拟主播"",""懂你意思"",""整活"",""修机高手""]",逆天|搞笑|时守星沙|四禧丸子|又一充电中|抽象|虚拟主播|懂你意思|整活|修机高手,1,0,0,0,[],[],[],,http://i0.hdslb.com/bfs/archive/469489a6be69aa3515dfdacfa2ee8e1fec0d319f.jpg,https://www.bilibili.com/video/BV1eXER6cE12,2026-06-10T20:02:30+00:00,又一充电中,1,1,keyword_search:又一充电中
BV1v9ER68EtU,116726037550118,【又一】今晚申请12点下播，因为明天要早起和梨安去约会🥰她起不来我也一定要把她叫醒😄,1781098043,2026-06-10T21:27:23+08:00,1781098043,55,27,2047,,1505,0,8,10,0,0,65,"恬豆发芽了 https://space.bilibili.com/1660392980/
又一充电中 https://space.bilibili.com/1217754423/
沐霂是MUMU呀 https://space.bilibili.com/1878154667/
梨安不迷路 https://space.bilibili.com/1900141897/

又一2026年6月10日21:00场",35988650,蜘蛛侠_Official,[35988650],"[{""mid"":35988650,""name"":""蜘蛛侠_Official"",""role"":""UP主""}]",35988650,蜘蛛侠_Official,9945,,"[""约会"",""搞笑"",""虚拟偶像"",""可爱"",""四禧丸子"",""又一充电中"",""甜甜甜"",""梨安"",""虚拟主播"",""懂你意思""]",约会|搞笑|虚拟偶像|可爱|四禧丸子|又一充电中|甜甜甜|梨安|虚拟主播|懂你意思,1,0,0,0,[],[],[],,http://i2.hdslb.com/bfs/archive/71d8325f8429a78696027f3ad93c495689508373.jpg,https://www.bilibili.com/video/BV1v9ER68EtU,2026-06-10T20:10:06+00:00,又一充电中,1,1,keyword_search:又一充电中
BV1dDER6aEpG,116726004057971,【又一】申请今晚12点下播，明天要早起和梨安出去玩😋弹幕：她说不早起了👋又：我定把她叫醒👿,1781097598,2026-06-10T21:19:58+08:00,1781097598,60,27,2047,,4289,0,19,21,2,3,169,"又一充电中 https://space.bilibili.com/1217754423/
梨安不迷路 https://space.bilibili.com/1900141897/
恬豆发芽了 https://space.bilibili.com/1660392980/
沐霂是MUMU呀 https://space.bilibili.com/1878154667/
2026.06.10直播剪辑",1113769832,秩序丶安,[1113769832],"[{""mid"":1113769832,""name"":""秩序丶安"",""role"":""UP主""}]",1113769832,秩序丶安,36936,,"[""逆天"",""搞笑"",""四禧丸子"",""又一充电中"",""抽象"",""甜甜甜"",""梨安"",""虚拟主播"",""懂你意思"",""整活""]",逆天|搞笑|四禧丸子|又一充电中|抽象|甜甜甜|梨安|虚拟主播|懂你意思|整活,1,0,0,0,[],[],[],,http://i2.hdslb.com/bfs/archive/036e0ddc8a2a5158bd4a86245760a7e6a55634f4.jpg,https://www.bilibili.com/video/BV1dDER6aEpG,2026-06-10T20:02:03+00:00,又一充电中,1,1,keyword_search:又一充电中
BV1aZER6oEcn,116725987216185,梨安又一双播后的小故事,1781097357,2026-06-10T21:15:57+08:00,1781097357,11,21,2047,,255,0,1,4,0,0,20,梨安又一双播后的小故事,694541,猫舌怪,[694541],"[{""mid"":694541,""name"":""猫舌怪"",""role"":""UP主""}]",694541,猫舌怪,128,,"[""VTuber"",""又一"",""四禧丸子"",""梨安不迷路"",""又一充电中"",""小视频"",""梨安"",""注入梨能量""]",VTuber|又一|四禧丸子|梨安不迷路|又一充电中|小视频|梨安|注入梨能量,0,0,1,8,"[""平台声明: 平台或文本明确标注含AI生成内容"",""平台声明: 文本说明AI参与内容制作""]",[],[],含AI生成内容,http://i0.hdslb.com/bfs/archive/c57bc815294499a267203f5cf08bda6688df9c47.jpg,https://www.bilibili.com/video/BV1aZER6oEcn,2026-06-10T20:00:38+00:00,又一充电中,1,1,keyword_search:又一充电中
BV1YDEX69ERR,116725232240412,【又一充电中】2G网又一被毒蛇疯狂洗脑，电脑卡死了也要唱！,1781085779,2026-06-10T18:02:59+08:00,1781085779,106,27,2020,,146,0,0,0,0,1,9,"~用毒蛇的毒毒毒蛇毒蛇会不会被毒蛇的毒毒死~
又一充电中的主页：https://space.bilibili.com/1217754423
又一充电中的直播间：https://live.bilibili.com/23771092",1492446025,V圈切片姬,[1492446025],"[{""mid"":1492446025,""name"":""V圈切片姬"",""role"":""UP主""}]",1492446025,V圈切片姬,11147,,"[""搞笑"",""音乐"",""娱乐"",""又一"",""又一充电中"",""毒蛇""]",搞笑|音乐|娱乐|又一|又一充电中|毒蛇,0,0,0,0,[],[],"[""音乐相关标签: 音乐""]",,http://i2.hdslb.com/bfs/archive/c9969e4e4519957f5def00b8979f6d5e767ea948.jpg,https://www.bilibili.com/video/BV1YDEX69ERR,2026-06-10T20:00:20+00:00,又一充电中,1,1,keyword_search:又一充电中
BV15mEX6dE1x,116725198620386,【又一充电中】又一被粉丝玩命捉弄，怎么不掉生命值！,1781085461,2026-06-10T17:57:41+08:00,1781085461,88,27,2047,,192,0,0,2,0,1,9,"我去！好厚的血！
又一充电中的主页：https://space.bilibili.com/1217754423
又一充电中的直播间：https://live.bilibili.com/23771092",1492446025,V圈切片姬,[1492446025],"[{""mid"":1492446025,""name"":""V圈切片姬"",""role"":""UP主""}]",1492446025,V圈切片姬,11147,,"[""娱乐"",""搞笑"",""又一"",""又一充电中"",""聊天""]",娱乐|搞笑|又一|又一充电中|聊天,0,0,0,0,[],[],[],,http://i2.hdslb.com/bfs/archive/f098999bfc6295edaf50aeb045b761bcbb83bd51.jpg,https://www.bilibili.com/video/BV15mEX6dE1x,2026-06-10T19:46:41+00:00,又一充电中,1,1,keyword_search:又一充电中
BV1N3E96gEc8,116724946967312,【阿梓×又一】少女,1781081376,2026-06-10T16:49:36+08:00,1781081376,240,30,2020,,320,0,7,4,4,0,17,"又一+1Key
《少女》林宥嘉
素材：BV1Mv411g7rP BV1qvYnzREmJ

阿梓：https://space.bilibili.com/7706705/
又一：https://space.bilibili.com/1217754423/",433281678,AKA优吉欧,[433281678],"[{""mid"":433281678,""name"":""AKA优吉欧"",""role"":""UP主""}]",433281678,AKA优吉欧,188,,"[""林宥嘉"",""虚空合唱"",""又一充电中"",""虚拟主播"",""阿梓从小就很可爱""]",林宥嘉|虚空合唱|又一充电中|虚拟主播|阿梓从小就很可爱,1,0,0,0,[],[],[],,http://i0.hdslb.com/bfs/archive/4b55cbea9c947a35806866f012f662fb606563c8.jpg,https://www.bilibili.com/video/BV1N3E96gEc8,2026-06-10T19:55:48+00:00,又一充电中,1,1,keyword_search:又一充电中
BV194EQ6nEqL,116724208765788,【泽音Melody】坏女人泽音重选选项  魏王依旧不相信  急得音姐直呼我这次是源于真心的！,1781070189,2026-06-10T13:43:09+08:00,1781070189,23,27,2007,,306,0,0,1,0,0,10,"2026年6月9日 直播

泽音Melody：https://space.bilibili.com/1203217682
泽音Melody直播间：https://live.bilibili.com/1947277414",155712849,YaYaChan_,[155712849],"[{""mid"":155712849,""name"":""YaYaChan_"",""role"":""UP主""}]",155712849,YaYaChan_,8121,,"[""又一"",""又一充电中"",""泽音"",""泽音Melody"",""盛世天下 女帝篇"",""坏女人""]",又一|又一充电中|泽音|泽音Melody|盛世天下 女帝篇|坏女人,0,0,0,0,[],[],[],,http://i2.hdslb.com/bfs/archive/a1f88a21460cf8c37b7ca0ec7ef8b740109a887e.jpg,https://www.bilibili.com/video/BV194EQ6nEqL,2026-06-10T19:48:09+00:00,又一充电中,1,1,keyword_search:又一充电中
BV1yUEQ6KEoR,116724040996108,【梨安&又一】看禧运西游二创😡梨安不满自己扮演角色并与又一大辩,1781067547,2026-06-10T12:59:07+08:00,1781067547,95,137,2047,,1022,0,4,5,0,0,43,"2026年06月09日晚直播切片

关注梨安又一喵，关注梨安沐霂又一恬豆谢谢喵

梨安不迷路
空间 https://space.bilibili.com/1900141897
直播间 https://live.bilibili.com/23770996
沐霂是MUMU呀
空间 https://space.bilibili.com/1878154667
直播间 https://live.bilibili.com/23771139
又一充电中
空间 https://space.bilibili.com/1217754423
直播间 https://live.bilibili.com/23771092
恬豆发芽了
空间 https://space.bilibili.com/1660392980
直播间 https://live.bilibili.com/23771189",4570776,臭泥猫,[4570776],"[{""mid"":4570776,""name"":""臭泥猫"",""role"":""UP主""}]",4570776,臭泥猫,239,,"[""搞笑"",""虚拟偶像"",""虚环"",""四禧丸子"",""恬豆发芽了"",""梨安不迷路"",""又一充电中"",""沐霂是MUMU呀"",""鬼灭之刃"",""VirtuaReal""]",搞笑|虚拟偶像|虚环|四禧丸子|恬豆发芽了|梨安不迷路|又一充电中|沐霂是MUMU呀|鬼灭之刃|VirtuaReal,0,0,0,0,[],[],[],,http://i2.hdslb.com/bfs/archive/0f3e879eaaa8fa314e9cdda50799cf04dc2ecc36.jpg,https://www.bilibili.com/video/BV1yUEQ6KEoR,2026-06-10T20:11:05+00:00,又一充电中,1,1,keyword_search:又一充电中
BV1mzEQ6GEpQ,116723806113277,【梨安不迷路＆又一充电中】梨安又一看开凿剧情羞得接连尖叫🫣🫣  凿⛏️!凿⛏️!凿⛏️!凿⛏️!凿⛏️!凿⛏️!凿⛏️!凿⛏️!,1781064500,2026-06-10T12:08:20+08:00,1781064500,311,257,2007,,2572,2,5,22,0,1,41,"2026年6月9日直播

沐霂是MUMU呀 https://space.bilibili.com/1878154667/
又一充电中 https://space.bilibili.com/1217754423/
梨安不迷路 https://space.bilibili.com/1900141897/
恬豆发芽了 https://space.bilibili.com/1660392980/",155712849,YaYaChan_,[155712849],"[{""mid"":155712849,""name"":""YaYaChan_"",""role"":""UP主""}]",155712849,YaYaChan_,8121,,"[""古装"",""又一"",""梨安不迷路"",""又一充电中"",""盛世天下 女帝篇"",""梨安""]",古装|又一|梨安不迷路|又一充电中|盛世天下 女帝篇|梨安,0,0,0,0,[],[],[],,http://i0.hdslb.com/bfs/archive/8b426cdaf98bf3aedfd8c629f1b0feb676c70056.jpg,https://www.bilibili.com/video/BV1mzEQ6GEpQ,2026-06-10T20:05:48+00:00,又一充电中,1,1,keyword_search:又一充电中
BV1f3ES6XECq,116721121757839,【又一&梨安】又神又给肥梨搞到新头像了😆很难想象画面里的俩是人🤓,1781057100,2026-06-10T10:05:00+08:00,1781023153,154,27,2047,,5177,1,19,33,0,1,242,"又一充电中 https://space.bilibili.com/1217754423/
梨安不迷路 https://space.bilibili.com/1900141897/
恬豆发芽了 https://space.bilibili.com/1660392980/
沐霂是MUMU呀 https://space.bilibili.com/1878154667/
2026.06.09又一&梨安双播直播剪辑（又一直播间）",1113769832,秩序丶安,[1113769832],"[{""mid"":1113769832,""name"":""秩序丶安"",""role"":""UP主""}]",1113769832,秩序丶安,36936,,"[""逆天"",""搞笑"",""四禧丸子"",""又一充电中"",""抽象"",""猪猪侠"",""串子"",""梨安"",""虚拟主播"",""整活""]",逆天|搞笑|四禧丸子|又一充电中|抽象|猪猪侠|串子|梨安|虚拟主播|整活,1,0,0,0,[],[],[],,http://i2.hdslb.com/bfs/archive/69e64267445f6c8fb6b8bbbec514324e3029d0d9.jpg,https://www.bilibili.com/video/BV1f3ES6XECq,2026-06-10T20:02:45+00:00,又一充电中,1,1,keyword_search:又一充电中
BV1HTES64Epr,116721172154947,【又一&梨安】牛哥不在猛猛串！看Hiiro“159”切片笑嘻了，159这个身高挺好的🤭,1781053500,2026-06-10T09:05:00+08:00,1781023829,185,27,2047,,6721,11,32,52,0,3,245,"又一充电中 https://space.bilibili.com/1217754423/
梨安不迷路 https://space.bilibili.com/1900141897/
恬豆发芽了 https://space.bilibili.com/1660392980/
沐霂是MUMU呀 https://space.bilibili.com/1878154667/
2026.06.09又一&梨安双播直播剪辑（又一直播间）",1113769832,秩序丶安,[1113769832],"[{""mid"":1113769832,""name"":""秩序丶安"",""role"":""UP主""}]",1113769832,秩序丶安,36936,,"[""搞笑"",""四禧丸子"",""沐霂"",""又一充电中"",""抽象"",""梨安"",""虚拟主播"",""Hiiro"",""整活"",""寻找生活中的159""]",搞笑|四禧丸子|沐霂|又一充电中|抽象|梨安|虚拟主播|Hiiro|整活|寻找生活中的159,1,0,0,0,[],[],[],,http://i0.hdslb.com/bfs/archive/3d58df1f3657bef42b1fcddde4a6ffa5e8026686.jpg,https://www.bilibili.com/video/BV1HTES64Epr,2026-06-10T19:53:13+00:00,又一充电中,1,1,keyword_search:又一充电中
BV13aES6gExh,116723051206159,【又一&梨安歌】 今天你要嫁给我 2026-06-09 20:00,1781052449,2026-06-10T08:47:29+08:00,1781052449,269,27,2020,,388,0,0,2,2,0,17,"又一充电中 https://space.bilibili.com/1217754423/
梨安不迷路 https://space.bilibili.com/1900141897/
播客喵 http://music.163.com/radio?id=1222590525 收藏喵
2026-06-09 20:00",36465956,普通小又不吃大果,[36465956],"[{""mid"":36465956,""name"":""普通小又不吃大果"",""role"":""UP主""}]",36465956,普通小又不吃大果,363,,"[""翻唱"",""虚拟偶像"",""音乐"",""虚拟UP主"",""直播录像"",""又一"",""四禧丸子"",""又一充电中"",""切片"",""虚拟主播""]",翻唱|虚拟偶像|音乐|虚拟UP主|直播录像|又一|四禧丸子|又一充电中|切片|虚拟主播,1,0,0,0,[],[],"[""音乐相关标签: 翻唱"",""音乐相关标签: 音乐""]",,http://i2.hdslb.com/bfs/archive/5317eff7a433e19da073d427eda930dc2a553dcc.jpg,https://www.bilibili.com/video/BV13aES6gExh,2026-06-10T19:45:35+00:00,又一充电中,1,1,keyword_search:又一充电中
BV1Q4ES6kEWx,116721289529476,【又一&梨安】别的妹妹不敢碰的梨扔，又神直播狠狠地捏🤏肥梨羞得大叫：🥵啊！！！还在直播呢，不好😊,1781049900,2026-06-10T08:05:00+08:00,1781025680,79,27,2047,,8771,3,31,83,0,10,279,"又一充电中 https://space.bilibili.com/1217754423/
梨安不迷路 https://space.bilibili.com/1900141897/
恬豆发芽了 https://space.bilibili.com/1660392980/
沐霂是MUMU呀 https://space.bilibili.com/1878154667/
2026.06.09又一&梨安双播直播剪辑（又一直播间）",1113769832,秩序丶安,[1113769832],"[{""mid"":1113769832,""name"":""秩序丶安"",""role"":""UP主""}]",1113769832,秩序丶安,36936,,"[""搞笑"",""逆天"",""羞死了"",""四禧丸子"",""又一充电中"",""摸扔子"",""抽象"",""梨安"",""虚拟主播"",""整活""]",搞笑|逆天|羞死了|四禧丸子|又一充电中|摸扔子|抽象|梨安|虚拟主播|整活,1,0,0,0,[],[],[],,http://i1.hdslb.com/bfs/archive/987c1ed155463bc83fff0b347704bee9a212caca.jpg,https://www.bilibili.com/video/BV1Q4ES6kEWx,2026-06-10T19:56:15+00:00,又一充电中,1,1,keyword_search:又一充电中
BV14nED6iEdk,116722514269886,“邦邦邦邦邦~”梨安：嘿嘿嘿🤣又一：滚😡,1781049600,2026-06-10T08:00:00+08:00,1781044424,105,27,2030,,5532,1,8,16,0,1,121,"又一充电中
https://space.bilibili.com/1217754423/
恬豆发芽了
https://space.bilibili.com/1660392980/
梨安不迷路
https://space.bilibili.com/1900141897/
沐霂是MUMU呀
https://space.bilibili.com/1878154667/",13193691,栝豆发芽了,[13193691],"[{""mid"":13193691,""name"":""栝豆发芽了"",""role"":""UP主""}]",13193691,栝豆发芽了,8473,,"[""可爱"",""搞笑"",""虚拟UP主"",""又一"",""四禧丸子"",""梨安不迷路"",""又一充电中"",""梨安""]",可爱|搞笑|虚拟UP主|又一|四禧丸子|梨安不迷路|又一充电中|梨安,1,0,0,0,[],[],[],,http://i0.hdslb.com/bfs/archive/d2d3468960b0bbd3d8cf8af4d86cb4a193d0baa5.jpg,https://www.bilibili.com/video/BV14nED6iEdk,2026-06-10T19:45:58+00:00,又一充电中,1,1,keyword_search:又一充电中
BV1EqED6REvP,116722598156467,又一梨安是不是和这个叫yyz的不对付🤔怎么放她的歌就复读何意味然后光速下播呢😁,1781049600,2026-06-10T08:00:00+08:00,1781045692,39,27,2047,,1710,0,1,5,0,0,71,"又一充电中
https://space.bilibili.com/1217754423/
恬豆发芽了
https://space.bilibili.com/1660392980/
梨安不迷路
https://space.bilibili.com/1900141897/
沐霂是MUMU呀
https://space.bilibili.com/1878154667/",13193691,栝豆发芽了,[13193691],"[{""mid"":13193691,""name"":""栝豆发芽了"",""role"":""UP主""}]",13193691,栝豆发芽了,8473,,"[""可爱"",""搞笑"",""虚拟UP主"",""又一"",""四禧丸子"",""梨安不迷路"",""又一充电中"",""梨安""]",可爱|搞笑|虚拟UP主|又一|四禧丸子|梨安不迷路|又一充电中|梨安,1,0,0,0,[],[],[],,http://i1.hdslb.com/bfs/archive/7d20b206417ed01c830c8086033caa5663987dbb.jpg,https://www.bilibili.com/video/BV1EqED6REvP,2026-06-10T19:51:44+00:00,又一充电中,1,1,keyword_search:又一充电中
BV1EzED6WE5z,116722581378473,又神的大手把梨安摸的叫出声来了🥵别摸了，在直播呢这不好🥵,1781049600,2026-06-10T08:00:00+08:00,1781045427,65,27,2047,,5144,3,14,49,0,7,128,"又一充电中
https://space.bilibili.com/1217754423/
恬豆发芽了
https://space.bilibili.com/1660392980/
梨安不迷路
https://space.bilibili.com/1900141897/
沐霂是MUMU呀
https://space.bilibili.com/1878154667/",13193691,栝豆发芽了,[13193691],"[{""mid"":13193691,""name"":""栝豆发芽了"",""role"":""UP主""}]",13193691,栝豆发芽了,8473,,"[""搞笑"",""可爱"",""虚拟UP主"",""又一"",""四禧丸子"",""梨安不迷路"",""又一充电中"",""梨安""]",搞笑|可爱|虚拟UP主|又一|四禧丸子|梨安不迷路|又一充电中|梨安,1,0,0,0,[],[],[],,http://i1.hdslb.com/bfs/archive/20313d821a1584543121b20d4ade1ca8791863bb.jpg,https://www.bilibili.com/video/BV1EzED6WE5z,2026-06-10T19:51:48+00:00,又一充电中,1,1,keyword_search:又一充电中
BV1WbED6cEYa,116722497491448,“wln是一个人的名字”青梅串子严肃学习wln之歌的中文翻译😁,1781049600,2026-06-10T08:00:00+08:00,1781044225,129,27,2020,,2626,0,3,10,0,1,46,"又一充电中
https://space.bilibili.com/1217754423/
恬豆发芽了
https://space.bilibili.com/1660392980/
梨安不迷路
https://space.bilibili.com/1900141897/
沐霂是MUMU呀
https://space.bilibili.com/1878154667/",13193691,栝豆发芽了,[13193691],"[{""mid"":13193691,""name"":""栝豆发芽了"",""role"":""UP主""}]",13193691,栝豆发芽了,8473,,"[""可爱"",""搞笑"",""虚拟UP主"",""又一"",""四禧丸子"",""梨安不迷路"",""又一充电中"",""梨安""]",可爱|搞笑|虚拟UP主|又一|四禧丸子|梨安不迷路|又一充电中|梨安,1,0,0,0,[],[],[],,http://i2.hdslb.com/bfs/archive/fa861d08c9b5c87790789186fd491ec818d161a6.jpg,https://www.bilibili.com/video/BV1WbED6cEYa,2026-06-10T19:59:23+00:00,又一充电中,1,1,keyword_search:又一充电中
BV1tJED6TE9B,116722531045754,青梅串子难绷鸡蛋榜榜一是沐***0🤣沐0太恨了🤭,1781049600,2026-06-10T08:00:00+08:00,1781044613,45,27,2077,,2057,0,7,8,0,0,72,"又一充电中
https://space.bilibili.com/1217754423/
恬豆发芽了
https://space.bilibili.com/1660392980/
梨安不迷路
https://space.bilibili.com/1900141897/
沐霂是MUMU呀
https://space.bilibili.com/1878154667/",13193691,栝豆发芽了,[13193691],"[{""mid"":13193691,""name"":""栝豆发芽了"",""role"":""UP主""}]",13193691,栝豆发芽了,8473,,"[""可爱"",""搞笑"",""虚拟UP主"",""又一"",""四禧丸子"",""梨安不迷路"",""又一充电中"",""梨安""]",可爱|搞笑|虚拟UP主|又一|四禧丸子|梨安不迷路|又一充电中|梨安,1,0,0,0,[],[],[],,http://i1.hdslb.com/bfs/archive/1b88a98fd0383c5e2b5ab0499e73664e7cf63129.jpg,https://www.bilibili.com/video/BV1tJED6TE9B,2026-06-10T20:09:40+00:00,又一充电中,1,1,keyword_search:又一充电中
BV1xWED6eEEX,116722547823832,青梅太压抑了！我是VIP有什么不能看的😍就要看凿凿凿⛏️给俩人看的口水直流🥵,1781049600,2026-06-10T08:00:00+08:00,1781044965,348,27,2007,,263,0,2,2,0,0,26,"又一充电中
https://space.bilibili.com/1217754423/
恬豆发芽了
https://space.bilibili.com/1660392980/
梨安不迷路
https://space.bilibili.com/1900141897/
沐霂是MUMU呀
https://space.bilibili.com/1878154667/",13193691,栝豆发芽了,[13193691],"[{""mid"":13193691,""name"":""栝豆发芽了"",""role"":""UP主""}]",13193691,栝豆发芽了,8473,,"[""搞笑"",""可爱"",""虚拟UP主"",""又一"",""四禧丸子"",""梨安不迷路"",""又一充电中"",""梨安""]",搞笑|可爱|虚拟UP主|又一|四禧丸子|梨安不迷路|又一充电中|梨安,1,0,0,0,[],[],[],,http://i2.hdslb.com/bfs/archive/de9d24caa3fe5faf7124b62096463a713486524d.jpg,https://www.bilibili.com/video/BV1xWED6eEEX,2026-06-10T20:10:20+00:00,又一充电中,1,1,keyword_search:又一充电中
BV1XWES6yEBn,116721255976209,【又一&梨安】又神不让看的切片肥梨偏要看😤又：你敢不看以后都叫你猪🙄梨：我瞅下封面（张y大笨蛋）哎呀BV号坏了打不开🥴,1781048700,2026-06-10T07:45:00+08:00,1781025081,49,27,2047,,6603,0,10,37,2,0,216,"又一充电中 https://space.bilibili.com/1217754423/
梨安不迷路 https://space.bilibili.com/1900141897/
恬豆发芽了 https://space.bilibili.com/1660392980/
沐霂是MUMU呀 https://space.bilibili.com/1878154667/
2026.06.09又一&梨安双播直播剪辑（又一直播间）",1113769832,秩序丶安,[1113769832],"[{""mid"":1113769832,""name"":""秩序丶安"",""role"":""UP主""}]",1113769832,秩序丶安,36936,,"[""搞笑"",""逆天"",""四禧丸子"",""恬豆"",""又一充电中"",""抽象"",""开盒"",""梨安"",""虚拟主播"",""整活""]",搞笑|逆天|四禧丸子|恬豆|又一充电中|抽象|开盒|梨安|虚拟主播|整活,1,0,0,0,[],[],[],,http://i1.hdslb.com/bfs/archive/773d689b886888c7f35bee60497c5c8978a0d6e2.jpg,https://www.bilibili.com/video/BV1XWES6yEBn,2026-06-10T19:59:48+00:00,又一充电中,1,1,keyword_search:又一充电中
BV1GUED67ENE,116722279386567,【又一充电中】录播(无弹幕)|青梅盛世！！！-2026-06-09-20-01-31-001,1781041509,2026-06-10T05:45:09+08:00,1781041509,17710,27,2047,,32,0,0,0,0,0,8,"四禧丸子录播
这切片，到底切多快才算快~
录播（远程1）

恬豆发芽了 https://space.bilibili.com/1660392980/
又一充电中 https://space.bilibili.com/1217754423/
沐霂是MUMU呀 https://space.bilibili.com/1878154667/
梨安不迷路 https://space.bilibili.com/1900141897/",3546873990219945,愉光Omega,[3546873990219945],"[{""mid"":3546873990219945,""name"":""愉光Omega"",""role"":""UP主""}]",3546873990219945,愉光Omega,316,,"[""搞笑"",""虚拟偶像"",""虚拟UP主"",""又一"",""四禧丸子"",""沐霂"",""恬豆"",""梨安""]",搞笑|虚拟偶像|虚拟UP主|又一|四禧丸子|沐霂|恬豆|梨安,1,0,0,0,[],[],[],,http://i1.hdslb.com/bfs/archive/8aaa005803963fcebe090002b6cea190474b94f3.jpg,https://www.bilibili.com/video/BV1GUED67ENE,2026-06-10T20:20:16+00:00,又一充电中,1,1,keyword_search:又一充电中
BV1RkEU6CEYP,116721440660195,【梨安&又一】又神遭到贴脸开大，用SC推的歌作为下播ED，结果一打开就出现了自己的大名yyz！好家伙原来是自己大号的投稿！俩人气得折返回来说吉祥话，随后匆忙下播,1781028077,2026-06-10T02:01:17+08:00,1781028077,36,27,2047,,5239,1,15,32,0,2,159,"恬豆发芽了 https://space.bilibili.com/1660392980/
又一充电中 https://space.bilibili.com/1217754423/
沐霂是MUMU呀 https://space.bilibili.com/1878154667/
梨安不迷路 https://space.bilibili.com/1900141897/

又一2026年6月9日20:00场",35988650,蜘蛛侠_Official,[35988650],"[{""mid"":35988650,""name"":""蜘蛛侠_Official"",""role"":""UP主""}]",35988650,蜘蛛侠_Official,9945,,"[""可爱"",""搞笑"",""虚拟偶像"",""汗流浃背"",""贴脸开大"",""四禧丸子"",""又一充电中"",""丸河"",""梨安"",""虚拟主播""]",可爱|搞笑|虚拟偶像|汗流浃背|贴脸开大|四禧丸子|又一充电中|丸河|梨安|虚拟主播,1,0,0,0,[],[],[],,http://i1.hdslb.com/bfs/archive/0c8aa43bda38d579ca5c25c6fe7aaeb465ed0ae9.jpg,https://www.bilibili.com/video/BV1RkEU6CEYP,2026-06-10T19:57:18+00:00,又一充电中,1,1,keyword_search:又一充电中
BV1XxES6VE6G,116721239197565,【又一&梨安】爆了！用小偶像“🟠余震&黄恩茹”的歌做ed曲目，放了10秒钟发现爆了紧急关闭直播间😨何意味狗东西🤬,1781024954,2026-06-10T01:09:14+08:00,1781024954,36,27,2047,,9571,3,40,61,2,6,268,"又一充电中 https://space.bilibili.com/1217754423/
梨安不迷路 https://space.bilibili.com/1900141897/
恬豆发芽了 https://space.bilibili.com/1660392980/
沐霂是MUMU呀 https://space.bilibili.com/1878154667/
2026.06.09又一&梨安双播直播剪辑（又一直播间）",1113769832,秩序丶安,[1113769832],"[{""mid"":1113769832,""name"":""秩序丶安"",""role"":""UP主""}]",1113769832,秩序丶安,36936,,"[""逆天"",""搞笑"",""四禧丸子"",""又一充电中"",""丸河"",""抽象"",""开盒"",""梨安"",""虚拟主播"",""整活""]",逆天|搞笑|四禧丸子|又一充电中|丸河|抽象|开盒|梨安|虚拟主播|整活,1,0,0,0,[],[],[],,http://i2.hdslb.com/bfs/archive/2ca4aa34f64585199c61b6161c04ee3251ee7f8f.jpg,https://www.bilibili.com/video/BV1XxES6VE6G,2026-06-10T20:00:16+00:00,又一充电中,1,1,keyword_search:又一充电中
BV1ojES6JEvs,116721138535003,【梨安不迷路＆又一充电中】看凑企鹅速通高考作文  梨安用最直白、最不绕弯子的话告诉你：轻松绷住,1781023335,2026-06-10T00:42:15+08:00,1781023336,80,27,2047,,444,0,0,2,0,0,12,"2026年6月9日直播

沐霂是MUMU呀 https://space.bilibili.com/1878154667/
又一充电中 https://space.bilibili.com/1217754423/
梨安不迷路 https://space.bilibili.com/1900141897/
恬豆发芽了 https://space.bilibili.com/1660392980/",155712849,YaYaChan_,[155712849],"[{""mid"":155712849,""name"":""YaYaChan_"",""role"":""UP主""}]",155712849,YaYaChan_,8121,,"[""高考"",""可爱"",""虚拟偶像"",""萌宠"",""又一"",""梨安不迷路"",""又一充电中"",""作文"",""梨安""]",高考|可爱|虚拟偶像|萌宠|又一|梨安不迷路|又一充电中|作文|梨安,0,0,0,0,[],[],[],,http://i0.hdslb.com/bfs/archive/af0c3acc0ad4ef7c8447a7005d2df90202d3780a.jpg,https://www.bilibili.com/video/BV1ojES6JEvs,2026-06-10T20:07:12+00:00,又一充电中,1,1,keyword_search:又一充电中
BV17hE26VEh5,116721071425437,【梨安不迷路＆又一充电中】欣赏纯良微串沐霂二创  牛哥不在 小串一会   看到结尾笑容消失了，咬牙切齿“你小心点哦！”,1781022381,2026-06-10T00:26:21+08:00,1781022381,291,27,2064,,373,0,0,2,0,0,15,"2026年6月9日直播

沐霂是MUMU呀 https://space.bilibili.com/1878154667/
又一充电中 https://space.bilibili.com/1217754423/
梨安不迷路 https://space.bilibili.com/1900141897/
恬豆发芽了 https://space.bilibili.com/1660392980/",155712849,YaYaChan_,[155712849],"[{""mid"":155712849,""name"":""YaYaChan_"",""role"":""UP主""}]",155712849,YaYaChan_,8121,,"[""可爱"",""VTuber"",""又一"",""沐霂"",""梨安不迷路"",""又一充电中"",""梨安""]",可爱|VTuber|又一|沐霂|梨安不迷路|又一充电中|梨安,0,0,0,0,[],[],[],,http://i1.hdslb.com/bfs/archive/371c2701489b44e2aea6201fcfeee0443056985c.jpg,https://www.bilibili.com/video/BV17hE26VEh5,2026-06-10T19:47:38+00:00,又一充电中,1,1,keyword_search:又一充电中
BV1nxE262EXn,116721054652401,【梨安&又一】彻底疯狂！直播听《wln小曲》狠狠串牛！反正等牛哥回来横竖都是死，那就必须得趁着还没回尽情地串！,1781022210,2026-06-10T00:23:30+08:00,1781022210,127,27,2020,,4203,0,10,17,0,2,119,"恬豆发芽了 https://space.bilibili.com/1660392980/
又一充电中 https://space.bilibili.com/1217754423/
沐霂是MUMU呀 https://space.bilibili.com/1878154667/
梨安不迷路 https://space.bilibili.com/1900141897/

又一2026年6月9日20:00场",35988650,蜘蛛侠_Official,[35988650],"[{""mid"":35988650,""name"":""蜘蛛侠_Official"",""role"":""UP主""}]",35988650,蜘蛛侠_Official,9945,,"[""搞笑"",""鬼屋"",""逆天"",""虚拟偶像"",""四禧丸子"",""沐霂"",""又一充电中"",""串子"",""梨安"",""虚拟主播""]",搞笑|鬼屋|逆天|虚拟偶像|四禧丸子|沐霂|又一充电中|串子|梨安|虚拟主播,1,0,0,0,[],[],[],,http://i1.hdslb.com/bfs/archive/7d701b850e88f91e6caaf7aaadf932ae8e845a65.jpg,https://www.bilibili.com/video/BV1nxE262EXn,2026-06-10T20:06:20+00:00,又一充电中,1,1,keyword_search:又一充电中
BV1eqE26uED7,116721004383052,【又一&梨安/游戏回录播】青梅合玩《盛世天下：女帝篇》肥梨分析选择动机给小又逗得哈哈大笑，青梅相性太足了😆,1781021955,2026-06-10T00:19:15+08:00,1781021956,10927,27,2065,,1537,2,4,12,2,0,90,"又一充电中 https://space.bilibili.com/1217754423/
梨安不迷路 https://space.bilibili.com/1900141897/
恬豆发芽了 https://space.bilibili.com/1660392980/
沐霂是MUMU呀 https://space.bilibili.com/1878154667/
2026.06.09又一&梨安双播直播剪辑（又一直播间）",1113769832,秩序丶安,[1113769832],"[{""mid"":1113769832,""name"":""秩序丶安"",""role"":""UP主""}]",1113769832,秩序丶安,36936,,"[""搞笑"",""武则天"",""四禧丸子"",""又一充电中"",""凿凿凿"",""抽象"",""盛世天下"",""梨安"",""虚拟主播"",""整活""]",搞笑|武则天|四禧丸子|又一充电中|凿凿凿|抽象|盛世天下|梨安|虚拟主播|整活,1,0,0,0,[],[],[],,http://i1.hdslb.com/bfs/archive/9f0e6ba35ccc6a95913c1628df11723992aa6cf4.jpg,https://www.bilibili.com/video/BV1eqE26uED7,2026-06-10T20:02:35+00:00,又一充电中,1,1,keyword_search:又一充电中
BV1ntE26LEAj,116721037874541,【梨安&又一】沐霂不在，大大方方串队长！看串牛二创放肆大笑🤣等牛哥回来青梅还笑得出来吗😁,1781021846,2026-06-10T00:17:26+08:00,1781021846,296,27,2047,,4482,8,6,17,3,0,146,"恬豆发芽了 https://space.bilibili.com/1660392980/
又一充电中 https://space.bilibili.com/1217754423/
沐霂是MUMU呀 https://space.bilibili.com/1878154667/
梨安不迷路 https://space.bilibili.com/1900141897/

又一2026年6月9日20:00场",35988650,蜘蛛侠_Official,[35988650],"[{""mid"":35988650,""name"":""蜘蛛侠_Official"",""role"":""UP主""}]",35988650,蜘蛛侠_Official,9945,,"[""虚拟偶像"",""逆天"",""搞笑"",""四禧丸子"",""沐霂"",""又一充电中"",""串子"",""梨安"",""虚拟主播"",""整活""]",虚拟偶像|逆天|搞笑|四禧丸子|沐霂|又一充电中|串子|梨安|虚拟主播|整活,1,0,0,0,[],[],[],,http://i2.hdslb.com/bfs/archive/e8e00636db07d86987914b130a772b400fc1dd69.jpg,https://www.bilibili.com/video/BV1ntE26LEAj,2026-06-10T20:06:15+00:00,又一充电中,1,1,keyword_search:又一充电中
BV1ivE266Eox,116721021162760,【花礼】被梨安抱着头刚好顶在那里爽死了🥵这下不嫌弃自己155的身高了😋回味坐在丸子们中间随意欣赏她们的盛世美颜，感觉人生真美好🤤,1781021528,2026-06-10T00:12:08+08:00,1781021529,133,27,2047,,5297,4,14,48,2,10,225,"花礼Harei https://space.bilibili.com/1048135385
恬豆发芽了 https://space.bilibili.com/1660392980/
又一充电中 https://space.bilibili.com/1217754423/
沐霂是MUMU呀 https://space.bilibili.com/1878154667/
梨安不迷路 https://space.bilibili.com/1900141897/

花礼2026年6月9日20:00场",35988650,蜘蛛侠_Official,[35988650],"[{""mid"":35988650,""name"":""蜘蛛侠_Official"",""role"":""UP主""}]",35988650,蜘蛛侠_Official,9945,,"[""盛世美颜"",""搞笑"",""四禧丸子"",""沐霂"",""恬豆"",""又一充电中"",""花礼Harei"",""压抑"",""梨安"",""虚拟主播""]",盛世美颜|搞笑|四禧丸子|沐霂|恬豆|又一充电中|花礼Harei|压抑|梨安|虚拟主播,1,0,0,0,[],[],[],,http://i2.hdslb.com/bfs/archive/4f8ca93340de75342fc748eb4899e5005b28bebc.jpg,https://www.bilibili.com/video/BV1ivE266Eox,2026-06-10T20:04:01+00:00,又一充电中,1,1,keyword_search:又一充电中
BV1VqE26uEd4,116721004317993,【又一&梨安】牛哥不在猛猛串！直播学习《wln之歌》串完了😅wln~wln~🤭,1781021302,2026-06-10T00:08:22+08:00,1781021302,140,27,2020,,6469,3,17,30,0,2,172,"又一充电中 https://space.bilibili.com/1217754423/
梨安不迷路 https://space.bilibili.com/1900141897/
恬豆发芽了 https://space.bilibili.com/1660392980/
沐霂是MUMU呀 https://space.bilibili.com/1878154667/
2026.06.09又一&梨安双播直播剪辑（又一直播间）",1113769832,秩序丶安,[1113769832],"[{""mid"":1113769832,""name"":""秩序丶安"",""role"":""UP主""}]",1113769832,秩序丶安,36936,,"[""逆天"",""搞笑"",""四禧丸子"",""沐霂"",""又一充电中"",""抽象"",""串子"",""梨安"",""虚拟主播"",""整活""]",逆天|搞笑|四禧丸子|沐霂|又一充电中|抽象|串子|梨安|虚拟主播|整活,1,0,0,0,[],[],[],,http://i1.hdslb.com/bfs/archive/a9dfe1519afa21041721f4e31267fe64c277d4ad.jpg,https://www.bilibili.com/video/BV1VqE26uEd4,2026-06-10T19:59:14+00:00,又一充电中,1,1,keyword_search:又一充电中
BV1ieE263Ej1,116720970828667,【又一&梨安】牛哥不在猛猛串！看沐霂“纯串微良”二创笑嘻了😆结果还有自己的戏份光速检疫了😑,1781020969,2026-06-10T00:02:49+08:00,1781020970,302,27,2047,,5462,16,13,34,1,2,185,"又一充电中 https://space.bilibili.com/1217754423/
梨安不迷路 https://space.bilibili.com/1900141897/
恬豆发芽了 https://space.bilibili.com/1660392980/
沐霂是MUMU呀 https://space.bilibili.com/1878154667/
2026.06.09又一&梨安双播直播剪辑（又一直播间）",1113769832,秩序丶安,[1113769832],"[{""mid"":1113769832,""name"":""秩序丶安"",""role"":""UP主""}]",1113769832,秩序丶安,36936,,"[""搞笑"",""逆天"",""四禧丸子"",""沐霂"",""又一充电中"",""串子"",""抽象"",""梨安"",""虚拟主播"",""整活""]",搞笑|逆天|四禧丸子|沐霂|又一充电中|串子|抽象|梨安|虚拟主播|整活,1,0,0,0,[],[],[],,http://i1.hdslb.com/bfs/archive/6b28e4e419e135933446a8aed12259d3f24ba898.jpg,https://www.bilibili.com/video/BV1ieE263Ej1,2026-06-10T20:03:56+00:00,又一充电中,1,1,keyword_search:又一充电中
BV1pJE26DEMS,116720853322443,【又一充电中】青梅盛世！！！-2026.06.09,1781020753,2026-06-09T23:59:13+08:00,1781020754,17706,241,2007,,12,0,0,1,0,0,3,"又一充电中 https://space.bilibili.com/1217754423/
录播自动上传",526364731,鎏绶,[526364731],"[{""mid"":526364731,""name"":""鎏绶"",""role"":""UP主""}]",526364731,鎏绶,173,,"[""又一充电中""]",又一充电中,0,0,0,0,[],[],[],,http://i0.hdslb.com/bfs/archive/01c1c9456f9e39d1599a81ff64c97882f6e4c203.jpg,https://www.bilibili.com/video/BV1pJE26DEMS,2026-06-10T20:07:26+00:00,又一充电中,1,1,keyword_search:又一充电中
BV1ppE26UEHo,116720886880050,【梨安&又一游戏】双播玩《盛世天下：女帝篇》第一回，俩人边玩边吐槽，一到暧昧剧情就激动大叫😆青梅默契十足，同步率拉满😆,1781020294,2026-06-09T23:51:34+08:00,1781020294,10927,27,2065,,1240,15,3,17,2,1,51,"恬豆发芽了 https://space.bilibili.com/1660392980/
又一充电中 https://space.bilibili.com/1217754423/
沐霂是MUMU呀 https://space.bilibili.com/1878154667/
梨安不迷路 https://space.bilibili.com/1900141897/

又一2026年6月9日20:00场",35988650,蜘蛛侠_Official,[35988650],"[{""mid"":35988650,""name"":""蜘蛛侠_Official"",""role"":""UP主""}]",35988650,蜘蛛侠_Official,9945,,"[""虚拟偶像"",""搞笑"",""吐槽"",""四禧丸子"",""又一充电中"",""互动影视作品"",""宫斗"",""盛世天下"",""梨安"",""虚拟主播""]",虚拟偶像|搞笑|吐槽|四禧丸子|又一充电中|互动影视作品|宫斗|盛世天下|梨安|虚拟主播,1,0,0,0,[],[],[],,http://i2.hdslb.com/bfs/archive/1931ce31d907520336e06500b765e968c5a97c6c.jpg,https://www.bilibili.com/video/BV1ppE26UEHo,2026-06-10T20:08:12+00:00,又一充电中,1,1,keyword_search:又一充电中
BV14VE26REHb,116720920435557,【梨安&又一】难绷历史上的李泰是大胃袋，又神给李泰起巧思外号“三九胃泰”😆,1781020018,2026-06-09T23:46:58+08:00,1781020018,88,27,2047,,848,0,0,3,0,0,52,"恬豆发芽了 https://space.bilibili.com/1660392980/
又一充电中 https://space.bilibili.com/1217754423/
沐霂是MUMU呀 https://space.bilibili.com/1878154667/
梨安不迷路 https://space.bilibili.com/1900141897/

又一2026年6月9日20:00场",35988650,蜘蛛侠_Official,[35988650],"[{""mid"":35988650,""name"":""蜘蛛侠_Official"",""role"":""UP主""}]",35988650,蜘蛛侠_Official,9945,,"[""搞笑"",""可爱"",""难绷"",""四禧丸子"",""又一充电中"",""李泰"",""魏王"",""梨安"",""三九胃泰"",""虚拟主播""]",搞笑|可爱|难绷|四禧丸子|又一充电中|李泰|魏王|梨安|三九胃泰|虚拟主播,1,0,0,0,[],[],[],,http://i0.hdslb.com/bfs/archive/52f1a9ab6412ebfbfe92ddb9749f468869e4b5f9.jpg,https://www.bilibili.com/video/BV14VE26REHb,2026-06-10T19:45:47+00:00,又一充电中,1,1,keyword_search:又一充电中
BV1GrE26iE8z,116720685549403,【又一充电中&梨安不迷路】青梅盛世！！！-直播录播弹幕版-2026.06.09,1781018662,2026-06-09T23:24:22+08:00,1781018662,17711,27,2007,,301,0,0,3,0,0,8,"又一充电中直播录播
欢迎关注四禧丸子：
又一充电中：https://space.bilibili.com/1217754423
沐霂是MUMU呀：https://space.bilibili.com/1878154667
恬豆发芽了：https://space.bilibili.com/1660392980
梨安不迷路：https://space.bilibili.com/1900141897
录播机自动上传，受网络波动、录播软件抽风、卡审核等原因，可能偶尔出现迷之分P、分P之间缺了几分钟的情况，先给大家跪了OJL",1497560529,丸子弹幕版录播机,[1497560529],"[{""mid"":1497560529,""name"":""丸子弹幕版录播机"",""role"":""UP主""}]",1497560529,丸子弹幕版录播机,966,,"[""直播"",""录播"",""又一"",""四禧丸子"",""梨安不迷路"",""又一充电中"",""梨安""]",直播|录播|又一|四禧丸子|梨安不迷路|又一充电中|梨安,0,0,0,0,[],[],[],,http://i2.hdslb.com/bfs/archive/b1c307d791863252dbbd8c1167d21b6d8ec99f31.jpg,https://www.bilibili.com/video/BV1GrE26iE8z,2026-06-10T19:53:02+00:00,又一充电中,1,1,keyword_search:又一充电中
BV1TQE26fEsx,116720769435254,【又一&梨安】李治武媚娘梅开二度开造引得两岸猿声啼不住🥵雷霆台词“我不想吃荔枝，我想吃李治”俩人笑嘻了😆,1781018059,2026-06-09T23:14:19+08:00,1781018059,269,27,2007,,4682,1,12,25,1,2,153,"又一充电中 https://space.bilibili.com/1217754423/
梨安不迷路 https://space.bilibili.com/1900141897/
恬豆发芽了 https://space.bilibili.com/1660392980/
沐霂是MUMU呀 https://space.bilibili.com/1878154667/
2026.06.09又一&梨安双播直播剪辑（又一直播间）",1113769832,秩序丶安,[1113769832],"[{""mid"":1113769832,""name"":""秩序丶安"",""role"":""UP主""}]",1113769832,秩序丶安,36936,,"[""武则天"",""搞笑"",""四禧丸子"",""又一充电中"",""凿凿凿"",""抽象"",""盛世天下"",""梨安"",""虚拟主播"",""整活""]",武则天|搞笑|四禧丸子|又一充电中|凿凿凿|抽象|盛世天下|梨安|虚拟主播|整活,1,0,0,0,[],[],[],,http://i2.hdslb.com/bfs/archive/b91e9d97d7dc5e2bb1376e8eba078e916318d510.jpg,https://www.bilibili.com/video/BV1TQE26fEsx,2026-06-10T19:58:19+00:00,又一充电中,1,1,keyword_search:又一充电中
BV1MQE26fEhh,116720769439209,【梨安&又一】看武媚娘和礼治调情吃嘴子俩人兴奋坏了，激动得连连大叫🥵又神吐槽这情话太土了😅青梅同步率百分百😆,1781017964,2026-06-09T23:12:44+08:00,1781017964,262,27,2007,,2015,0,2,15,0,1,64,"恬豆发芽了 https://space.bilibili.com/1660392980/
又一充电中 https://space.bilibili.com/1217754423/
沐霂是MUMU呀 https://space.bilibili.com/1878154667/
梨安不迷路 https://space.bilibili.com/1900141897/

又一2026年6月9日20:00场",35988650,蜘蛛侠_Official,[35988650],"[{""mid"":35988650,""name"":""蜘蛛侠_Official"",""role"":""UP主""}]",35988650,蜘蛛侠_Official,9945,,"[""武则天"",""虚拟偶像"",""四禧丸子"",""又一充电中"",""开一局"",""盛世天下女帝篇"",""抽象"",""盛世天下"",""梨安"",""虚拟主播""]",武则天|虚拟偶像|四禧丸子|又一充电中|开一局|盛世天下女帝篇|抽象|盛世天下|梨安|虚拟主播,1,0,0,0,[],[],[],,http://i1.hdslb.com/bfs/archive/d0948c6ce29af93d85de325c4fe3251335100e7a.jpg,https://www.bilibili.com/video/BV1MQE26fEhh,2026-06-10T19:55:25+00:00,又一充电中,1,1,keyword_search:又一充电中
BV1umE26aEV1,116720618441441,【又一充电中】青梅盛世！！！-2026.06.09-纯净版,1781016843,2026-06-09T22:54:03+08:00,1781016844,17706,27,2007,,6,0,0,0,0,0,4,"又一充电中 https://space.bilibili.com/1217754423/
录播自动上传",526364731,鎏绶,[526364731],"[{""mid"":526364731,""name"":""鎏绶"",""role"":""UP主""}]",526364731,鎏绶,173,,"[""又一充电中""]",又一充电中,0,0,0,0,[],[],[],,http://i0.hdslb.com/bfs/archive/eb576f87bafaeda3f0f7e5d0088737888f741ed0.jpg,https://www.bilibili.com/video/BV1umE26aEV1,2026-06-10T20:10:00+00:00,又一充电中,1,1,keyword_search:又一充电中
BV1LEEm63EWy,116720551401678,【梨安&又一】礼治开凿武媚娘剧情太得劲，给青梅羞的大叫🥵这可是花了钱的剧情，就得大大方方看啊😍这下知道丸子们平时一起看剧时是什么样子的了😆,1781014590,2026-06-09T22:16:30+08:00,1781014590,334,27,2007,,7245,3,11,31,2,9,107,"恬豆发芽了 https://space.bilibili.com/1660392980/
又一充电中 https://space.bilibili.com/1217754423/
沐霂是MUMU呀 https://space.bilibili.com/1878154667/
梨安不迷路 https://space.bilibili.com/1900141897/

又一2026年6月9日20:00场",35988650,蜘蛛侠_Official,[35988650],"[{""mid"":35988650,""name"":""蜘蛛侠_Official"",""role"":""UP主""}]",35988650,蜘蛛侠_Official,9945,,"[""虚拟偶像"",""四禧丸子"",""又一充电中"",""盛世天下女帝篇"",""害羞"",""盛世天下"",""梨安"",""虚拟主播"",""互动影游""]",虚拟偶像|四禧丸子|又一充电中|盛世天下女帝篇|害羞|盛世天下|梨安|虚拟主播|互动影游,1,0,0,0,[],[],[],,http://i2.hdslb.com/bfs/archive/e2d000e08dac818de2a8623c4f5ae800a4bdb972.jpg,https://www.bilibili.com/video/BV1LEEm63EWy,2026-06-10T19:54:42+00:00,又一充电中,1,1,keyword_search:又一充电中
BV19JEm6zEYP,116720534554543,【又一&梨安】看到李治和武媚娘kz画面青梅羞死了🥵同步发出吃瓜的尖叫😆什么B动静，太有默契了🤣,1781014257,2026-06-09T22:10:57+08:00,1781014257,388,27,2007,,4515,6,21,39,1,3,177,"又一充电中 https://space.bilibili.com/1217754423/
梨安不迷路 https://space.bilibili.com/1900141897/
恬豆发芽了 https://space.bilibili.com/1660392980/
沐霂是MUMU呀 https://space.bilibili.com/1878154667/
2026.06.09又一&梨安双播直播剪辑（又一直播间）",1113769832,秩序丶安,[1113769832],"[{""mid"":1113769832,""name"":""秩序丶安"",""role"":""UP主""}]",1113769832,秩序丶安,36936,,"[""搞笑"",""武则天"",""四禧丸子"",""又一充电中"",""凿凿凿"",""抽象"",""盛世天下"",""梨安"",""虚拟主播"",""整活""]",搞笑|武则天|四禧丸子|又一充电中|凿凿凿|抽象|盛世天下|梨安|虚拟主播|整活,1,0,0,0,[],[],[],,http://i2.hdslb.com/bfs/archive/904b38efb78a18f86e806a543429b54352563933.jpg,https://www.bilibili.com/video/BV19JEm6zEYP,2026-06-10T19:48:14+00:00,又一充电中,1,1,keyword_search:又一充电中
BV11zEm6dE4S,116720249345807,【梨安&又一】又神在旁边看着大梨玩《盛世天下2》快笑疯了，几乎全程在笑🤣这笑声太魔性了，感觉下一秒就要笑抽过去😆又神很适合当陪玩啊，情绪价值给得满满的,1781009699,2026-06-09T20:54:59+08:00,1781009700,339,27,2007,,3616,0,13,24,0,6,109,"恬豆发芽了 https://space.bilibili.com/1660392980/
又一充电中 https://space.bilibili.com/1217754423/
沐霂是MUMU呀 https://space.bilibili.com/1878154667/
梨安不迷路 https://space.bilibili.com/1900141897/

又一2026年6月9日20:00场",35988650,蜘蛛侠_Official,[35988650],"[{""mid"":35988650,""name"":""蜘蛛侠_Official"",""role"":""UP主""}]",35988650,蜘蛛侠_Official,9945,,"[""搞笑"",""魔性"",""四禧丸子"",""又一充电中"",""盛世天下：女帝篇"",""抽象"",""盛世天下"",""梨安"",""虚拟主播"",""情绪价值""]",搞笑|魔性|四禧丸子|又一充电中|盛世天下：女帝篇|抽象|盛世天下|梨安|虚拟主播|情绪价值,1,0,0,0,[],[],[],,http://i2.hdslb.com/bfs/archive/2429227dd563cc5daec5c80e8fad536c351c2e93.jpg,https://www.bilibili.com/video/BV11zEm6dE4S,2026-06-10T19:44:18+00:00,又一充电中,1,1,keyword_search:又一充电中
BV1ShEm6wEQQ,116720148681197,【梨安&又一】大梨家到处摆着各种各样的零食，又神吐槽简直就跟吃播博主一样，随手一拿就能拿到吃的😆,1781008428,2026-06-09T20:33:48+08:00,1781008428,196,27,2047,,1056,0,6,8,0,0,62,"恬豆发芽了 https://space.bilibili.com/1660392980/
又一充电中 https://space.bilibili.com/1217754423/
沐霂是MUMU呀 https://space.bilibili.com/1878154667/
梨安不迷路 https://space.bilibili.com/1900141897/

又一2026年6月9日20:00场",35988650,蜘蛛侠_Official,[35988650],"[{""mid"":35988650,""name"":""蜘蛛侠_Official"",""role"":""UP主""}]",35988650,蜘蛛侠_Official,9945,,"[""逆天"",""搞笑"",""吃播"",""虚拟偶像"",""可爱"",""难绷"",""四禧丸子"",""又一充电中"",""梨安"",""虚拟主播""]",逆天|搞笑|吃播|虚拟偶像|可爱|难绷|四禧丸子|又一充电中|梨安|虚拟主播,1,0,0,0,[],[],[],,http://i2.hdslb.com/bfs/archive/ad8527f6483f658542ee44a26411ae013865f62a.jpg,https://www.bilibili.com/video/BV1ShEm6wEQQ,2026-06-10T19:57:23+00:00,又一充电中,1,1,keyword_search:又一充电中
BV1UhEm6wEkd,116720148677335,【又一&梨安】肥梨趁又一来之前把存了两堵墙的纸壳子送给保洁了😅又神急的叹气了，这要是卖了能吃顿好的了😫,1781008362,2026-06-09T20:32:42+08:00,1781008362,167,27,2047,,12059,8,81,79,0,3,370,"又一充电中 https://space.bilibili.com/1217754423/
梨安不迷路 https://space.bilibili.com/1900141897/
恬豆发芽了 https://space.bilibili.com/1660392980/
沐霂是MUMU呀 https://space.bilibili.com/1878154667/
2026.06.09又一&梨安双播直播剪辑（又一直播间）",1113769832,秩序丶安,[1113769832],"[{""mid"":1113769832,""name"":""秩序丶安"",""role"":""UP主""}]",1113769832,秩序丶安,36936,,"[""逆天"",""搞笑"",""四禧丸子"",""又一充电中"",""肥梨咋嫩坏啊"",""抽象"",""惋惜"",""梨安"",""虚拟主播"",""整活""]",逆天|搞笑|四禧丸子|又一充电中|肥梨咋嫩坏啊|抽象|惋惜|梨安|虚拟主播|整活,1,0,0,0,[],[],[],,http://i0.hdslb.com/bfs/archive/3b3b6d6bf77dd4fea347382338d4a17c63a5e4f1.jpg,https://www.bilibili.com/video/BV1UhEm6wEkd,2026-06-10T19:58:41+00:00,又一充电中,1,1,keyword_search:又一充电中
BV1StEm6PEG9,116720115125607,【又一&梨安】小猴暴露梨安家里完全就是吃播博主标配，手到之处都是小零食🤤嘟嘟人设非常夯😄,1781007752,2026-06-09T20:22:32+08:00,1781007752,198,27,2047,,4775,4,15,23,0,1,192,"又一充电中 https://space.bilibili.com/1217754423/
梨安不迷路 https://space.bilibili.com/1900141897/
恬豆发芽了 https://space.bilibili.com/1660392980/
沐霂是MUMU呀 https://space.bilibili.com/1878154667/
2026.06.09又一&梨安双播直播剪辑（又一直播间）",1113769832,秩序丶安,[1113769832],"[{""mid"":1113769832,""name"":""秩序丶安"",""role"":""UP主""}]",1113769832,秩序丶安,36936,,"[""逆天"",""搞笑"",""四禧丸子"",""又一充电中"",""大胃袋"",""抽象"",""梨安"",""虚拟主播"",""吃播博主"",""整活""]",逆天|搞笑|四禧丸子|又一充电中|大胃袋|抽象|梨安|虚拟主播|吃播博主|整活,1,0,0,0,[],[],[],,http://i0.hdslb.com/bfs/archive/d370e641ae417761a08af9ecdc509a74d37c3b2b.jpg,https://www.bilibili.com/video/BV1StEm6PEG9,2026-06-10T19:57:29+00:00,又一充电中,1,1,keyword_search:又一充电中
BV1C2E76zEkj,116719947351673,又一的赛博新衣展示,1781005198,2026-06-09T19:39:58+08:00,1781005198,11,21,2006,,146,0,0,0,0,0,9,又一的赛博新衣展示,694541,猫舌怪,[694541],"[{""mid"":694541,""name"":""猫舌怪"",""role"":""UP主""}]",694541,猫舌怪,128,,"[""赛博朋克2077"",""又一"",""四禧丸子"",""又一充电中"",""小视频"",""新衣"",""又一次怦然心动""]",赛博朋克2077|又一|四禧丸子|又一充电中|小视频|新衣|又一次怦然心动,0,0,1,8,"[""平台声明: 平台或文本明确标注含AI生成内容"",""平台声明: 文本说明AI参与内容制作""]",[],[],含AI生成内容,http://i0.hdslb.com/bfs/archive/c188d740abccd6db5f3be41a1b2d27f52ee8a868.jpg,https://www.bilibili.com/video/BV1C2E76zEkj,2026-06-10T19:50:15+00:00,又一充电中,1,1,keyword_search:又一充电中
BV1XMEE6sEdc,116719645428530,【又一充电中】这你不敢？我敢！我敢亲！,1781000523,2026-06-09T18:22:03+08:00,1781000524,46,27,2047,,162,0,0,0,0,1,9,"好欢快啊，好爱看又一充电中的直播精彩片段！
又一充电中的主页：https://space.bilibili.com/1217754423
又一充电中的直播间：https://live.bilibili.com/23771092",1492446025,V圈切片姬,[1492446025],"[{""mid"":1492446025,""name"":""V圈切片姬"",""role"":""UP主""}]",1492446025,V圈切片姬,11147,,"[""娱乐"",""搞笑"",""又一"",""又一充电中"",""聊天""]",娱乐|搞笑|又一|又一充电中|聊天,0,0,0,0,[],[],[],,http://i0.hdslb.com/bfs/archive/87fe1d843a04e299a16fdc5785ecd31f0d341ec0.jpg,https://www.bilibili.com/video/BV1XMEE6sEdc,2026-06-10T19:59:38+00:00,又一充电中,1,1,keyword_search:又一充电中
BV1pYEE6MENR,116719376931380,禧运终结者【禧運小剧场】,1780996429,2026-06-09T17:13:49+08:00,1780996429,365,27,2047,,500,10,5,2,6,1,35,"沐❤霂❤不❤在❤家，地❤三❤鲜❤称❤霸~~
小剧场不定期更新，期待下次与您相见♪

部分素材来自网络，侵删。

恬豆发芽了 https://space.bilibili.com/1660392980/
又一充电中 https://space.bilibili.com/1217754423/
沐霂是MUMU呀 https://space.bilibili.com/1878154667/
梨安不迷路 https://space.bilibili.com/1900141897/
泽音Melody https://space.bilibili.com/1203217682/",128977,腹黑面包,[128977],"[{""mid"":128977,""name"":""腹黑面包"",""role"":""UP主""}]",128977,腹黑面包,195,,"[""虚拟偶像"",""四禧丸子"",""沐霂"",""恬豆"",""又一充电中"",""泽音"",""禧運小剧场"",""梨安"",""沐霂的告白气球""]",虚拟偶像|四禧丸子|沐霂|恬豆|又一充电中|泽音|禧運小剧场|梨安|沐霂的告白气球,0,0,1,8,"[""平台声明: 平台或文本明确标注含AI生成内容"",""平台声明: 文本说明AI参与内容制作""]",[],[],含AI生成内容,http://i1.hdslb.com/bfs/archive/3a6ac720fe2aae747d8e0bad76c4a50a1309a3f7.jpg,https://www.bilibili.com/video/BV1pYEE6MENR,2026-06-10T20:07:49+00:00,又一充电中,1,1,keyword_search:又一充电中
BV1k6E36JEYp,116715367175865,【又一】DNA,1780935369,2026-06-09T00:16:09+08:00,1780935369,217,137,2020,,490,0,0,0,2,2,28,"2026年06月07日晚直播切片

关注又一喵，关注又一梨安沐霂恬豆谢谢喵

又一充电中
空间 https://space.bilibili.com/1217754423
直播间 https://live.bilibili.com/23771092
梨安不迷路
空间 https://space.bilibili.com/1900141897
直播间 https://live.bilibili.com/23770996
沐霂是MUMU呀
空间 https://space.bilibili.com/1878154667
直播间 https://live.bilibili.com/23771139
恬豆发芽了
空间 https://space.bilibili.com/1660392980
直播间 https://live.bilibili.com/23771189",4570776,臭泥猫,[4570776],"[{""mid"":4570776,""name"":""臭泥猫"",""role"":""UP主""}]",4570776,臭泥猫,239,,"[""翻唱"",""偶像"",""虚拟偶像"",""四禧丸子"",""又一充电中"",""虚拟主播"",""VirtuaReal""]",翻唱|偶像|虚拟偶像|四禧丸子|又一充电中|虚拟主播|VirtuaReal,1,0,0,0,[],[],"[""音乐相关标签: 翻唱""]",,http://i2.hdslb.com/bfs/archive/5f80d68b77d40d57e444ca4d688d1936c6c5d555.jpg,https://www.bilibili.com/video/BV1k6E36JEYp,2026-06-10T20:04:47+00:00,又一充电中,1,1,keyword_search:又一充电中
BV1qmE36yEE9,116714947741707,【恬豆发芽了】豆豆看二创《恬豆包理发》 “恬豆包是来找茬的吧” “少做点抽象二创”（意思是加大力度）,1780928794,2026-06-08T22:26:34+08:00,1780928794,159,27,2047,,1789,1,2,8,2,0,51,"2026年6月8日直播

沐霂是MUMU呀 https://space.bilibili.com/1878154667/
又一充电中 https://space.bilibili.com/1217754423/
梨安不迷路 https://space.bilibili.com/1900141897/
恬豆发芽了 https://space.bilibili.com/1660392980/",155712849,YaYaChan_,[155712849],"[{""mid"":155712849,""name"":""YaYaChan_"",""role"":""UP主""}]",155712849,YaYaChan_,8121,,"[""虚拟偶像"",""又一"",""恬豆"",""恬豆发芽了"",""又一充电中"",""豆豆"",""切片""]",虚拟偶像|又一|恬豆|恬豆发芽了|又一充电中|豆豆|切片,0,0,0,0,[],[],[],,http://i1.hdslb.com/bfs/archive/5c2c4966e1fd50ffcc40f389aac0f39c4930712d.jpg,https://www.bilibili.com/video/BV1qmE36yEE9,2026-06-10T20:08:27+00:00,又一充电中,1,1,keyword_search:又一充电中
BV1HJEG6XErh,116714863855121,【星瞳】回看演唱会虚环组联合节目《猫舞喵呜》顺带MC环节，拼尽全力无法绷住😆丨塔菲/恬豆/雫るる/星瞳/扇宝/东爱璃/白神遥/七海,1780927829,2026-06-08T22:10:29+08:00,1780927829,1184,27,2047,,4073,7,19,41,3,10,142,"星瞳_Official https://space.bilibili.com/401315430/
沐霂是MUMU呀 https://space.bilibili.com/1878154667/
又一充电中 https://space.bilibili.com/1217754423/
梨安不迷路 https://space.bilibili.com/1900141897/
恬豆发芽了 https://space.bilibili.com/1660392980/
2026.06.08星瞳直播剪辑",1113769832,秩序丶安,[1113769832],"[{""mid"":1113769832,""name"":""秩序丶安"",""role"":""UP主""}]",1113769832,秩序丶安,36936,,"[""东爱璃"",""演唱会复盘"",""沐霂"",""恬豆"",""又一充电中"",""七海"",""星瞳"",""梨安"",""虚拟主播"",""永雏塔菲""]",东爱璃|演唱会复盘|沐霂|恬豆|又一充电中|七海|星瞳|梨安|虚拟主播|永雏塔菲,1,0,0,0,[],[],[],,http://i1.hdslb.com/bfs/archive/24e7630429664a7963e72089ad20951f7124f8a0.jpg,https://www.bilibili.com/video/BV1HJEG6XErh,2026-06-10T19:53:07+00:00,又一充电中,1,1,keyword_search:又一充电中
BV1pjEG6REqq,116714696083703,【沐霂是MUMU呀】沐霂听到“又一学员”路边讨论大果  竟然是小学生？小孩子少吃大果！！,1780925186,2026-06-08T21:26:26+08:00,1780925187,110,27,2047,,160,0,0,0,0,0,6,"恬豆发芽了 https://space.bilibili.com/1660392980/
又一充电中 https://space.bilibili.com/1217754423/
沐霂是MUMU呀 https://space.bilibili.com/1878154667/
梨安不迷路 https://space.bilibili.com/1900141897/

2026年6月7日直播",155712849,YaYaChan_,[155712849],"[{""mid"":155712849,""name"":""YaYaChan_"",""role"":""UP主""}]",155712849,YaYaChan_,8121,,"[""虚拟偶像"",""直播录像"",""又一"",""沐霂"",""又一充电中"",""小学生"",""切片"",""MOBA""]",虚拟偶像|直播录像|又一|沐霂|又一充电中|小学生|切片|MOBA,0,0,0,0,[],[],[],,http://i0.hdslb.com/bfs/archive/114875ad22084527a7496c99e444c545758b2773.jpg,https://www.bilibili.com/video/BV1pjEG6REqq,2026-06-10T20:08:08+00:00,又一充电中,1,1,keyword_search:又一充电中
BV1Q5Eu6bEHC,116714477980431,【星瞳】回看演唱会四禧丸子祝福片段丨我太有排面了是3D祝福哎😎相当于价值八万的总督定制视频🤑,1780921632,2026-06-08T20:27:12+08:00,1780921632,76,27,2047,,5656,2,14,34,2,1,258,"星瞳_Official https://space.bilibili.com/401315430/
沐霂是MUMU呀 https://space.bilibili.com/1878154667/
又一充电中 https://space.bilibili.com/1217754423/
梨安不迷路 https://space.bilibili.com/1900141897/
恬豆发芽了 https://space.bilibili.com/1660392980/
2026.06.08星瞳直播剪辑",1113769832,秩序丶安,[1113769832],"[{""mid"":1113769832,""name"":""秩序丶安"",""role"":""UP主""}]",1113769832,秩序丶安,36936,,"[""演唱会复盘"",""四禧丸子"",""沐霂"",""恬豆"",""又一充电中"",""著名红事女团"",""祝福"",""星瞳"",""梨安"",""虚拟主播""]",演唱会复盘|四禧丸子|沐霂|恬豆|又一充电中|著名红事女团|祝福|星瞳|梨安|虚拟主播,1,0,0,0,[],[],[],,http://i1.hdslb.com/bfs/archive/a4109242534caf63e5d199c1f66fd5af079b58d7.jpg,https://www.bilibili.com/video/BV1Q5Eu6bEHC,2026-06-10T19:56:20+00:00,又一充电中,1,1,keyword_search:又一充电中
BV1zkEu6gEYi,116714243103392,《恬豆包理发》,1780918196,2026-06-08T19:29:56+08:00,1780918197,125,27,2047,,699,1,13,10,14,2,75,"又一充电中 https://space.bilibili.com/1217754423/ 
梨安不迷路 https://space.bilibili.com/1900141897/ 
沐霂是MUMU呀 https://space.bilibili.com/1878154667/ 
恬豆发芽了 https://space.bilibili.com/1660392980/",20863585,湊-阿库娅Officia1,[20863585],"[{""mid"":20863585,""name"":""湊-阿库娅Officia1"",""role"":""UP主""}]",20863585,湊-阿库娅Officia1,571,,"[""四禧丸子"",""恬豆"",""梨安不迷路"",""又一充电中"",""沐霂是MUMU呀"",""虚拟主播"",""华强买瓜""]",四禧丸子|恬豆|梨安不迷路|又一充电中|沐霂是MUMU呀|虚拟主播|华强买瓜,1,0,0,0,[],[],[],,http://i1.hdslb.com/bfs/archive/4a3570e88e086490cc965c6aa3cdf172deb4e4c2.jpg,https://www.bilibili.com/video/BV1zkEu6gEYi,2026-06-10T20:11:09+00:00,又一充电中,1,1,keyword_search:又一充电中
BV1qtEg6zE2V,116713672742644,感觉不如…猿神…,1780909586,2026-06-08T17:06:26+08:00,1780909556,40,138,2006,,2725,1,19,16,14,6,117,-,346821798,syd今天嗑什么,[346821798],"[{""mid"":346821798,""name"":""syd今天嗑什么"",""role"":""UP主""}]",346821798,syd今天嗑什么,178,,"[""虚拟偶像"",""drx"",""beryl"",""原神哥"",""四禧丸子"",""又一充电中"",""lol"",""dwg""]",虚拟偶像|drx|beryl|原神哥|四禧丸子|又一充电中|lol|dwg,0,0,1,8,"[""平台声明: 平台或文本明确标注含AI生成内容"",""平台声明: 文本说明AI参与内容制作""]",[],[],含AI生成内容,http://i0.hdslb.com/bfs/archive/2bad35706a01e65ce3eabb594d093516de77a46a.jpg,https://www.bilibili.com/video/BV1qtEg6zE2V,2026-06-10T20:08:55+00:00,又一充电中,1,1,keyword_search:又一充电中
BV1WDEh65Ec4,116711307087179,【又一歌】又双叒叕唱禁曲《彩虹糖的梦》🤢🤮🤢🤮🤢🤮🤢🤮,1780905900,2026-06-08T16:05:00+08:00,1780873459,309,27,2020,,3913,4,37,48,13,10,243,"又一充电中 https://space.bilibili.com/1217754423/
沐霂是MUMU呀 https://space.bilibili.com/1878154667/
梨安不迷路 https://space.bilibili.com/1900141897/
恬豆发芽了 https://space.bilibili.com/1660392980/
2026.06.07直播剪辑",1113769832,秩序丶安,[1113769832],"[{""mid"":1113769832,""name"":""秩序丶安"",""role"":""UP主""}]",1113769832,秩序丶安,36936,,"[""搞笑"",""逆天"",""翻唱"",""难绷"",""四禧丸子"",""又一充电中"",""2D新衣"",""抽象"",""虚拟主播"",""整活""]",搞笑|逆天|翻唱|难绷|四禧丸子|又一充电中|2D新衣|抽象|虚拟主播|整活,1,0,0,0,[],[],"[""音乐相关标签: 翻唱""]",,http://i2.hdslb.com/bfs/archive/aae4b8a27542ca35a0d7231190ca8dd446f9d96d.jpg,https://www.bilibili.com/video/BV1WDEh65Ec4,2026-06-10T19:59:19+00:00,又一充电中,1,1,keyword_search:又一充电中
BV1TCEM6DEwe,116712934475522,我将放弃今年高考 全力研究主播的这首《唐毒蛇》【又一充电中】,1780898105,2026-06-08T13:55:05+08:00,1780898106,193,21,2020,,452,0,0,3,2,3,22,"路过的dd记得点赞关注主播 这对主播宣传很重要！
又一充电中 https://space.bilibili.com/1217754423/",13937728,Sailorpaaan,[13937728],"[{""mid"":13937728,""name"":""Sailorpaaan"",""role"":""UP主""}]",13937728,Sailorpaaan,1633,,"[""翻唱"",""四禧丸子"",""虚拟主播"",""必剪创作"",""Vsinger创作激励计划""]",翻唱|四禧丸子|虚拟主播|必剪创作|Vsinger创作激励计划,1,0,0,0,[],[],"[""音乐相关标签: 翻唱""]",,http://i1.hdslb.com/bfs/archive/a22f252c47bae5cab861a3a78a45896aca2bb76d.jpg,https://www.bilibili.com/video/BV1TCEM6DEwe,2026-06-10T20:20:35+00:00,又一充电中,1,1,keyword_search:又一充电中
BV1fvEt6oEF8,116709209933666,【沐霂】牛哥竟然在路边遇到“小学生酥酥又”了😲两个小学生在路边大喊：槟榔加酒，阎王招手👻这辈子有了！,1780891500,2026-06-08T12:05:00+08:00,1780841334,104,27,2047,,4096,2,12,27,4,1,239,"沐霂是MUMU呀 https://space.bilibili.com/1878154667/
又一充电中 https://space.bilibili.com/1217754423/
梨安不迷路 https://space.bilibili.com/1900141897/
恬豆发芽了 https://space.bilibili.com/1660392980/
2026.06.07沐霂下午15点突击直播剪辑",1113769832,秩序丶安,[1113769832],"[{""mid"":1113769832,""name"":""秩序丶安"",""role"":""UP主""}]",1113769832,秩序丶安,36936,,"[""逆天"",""搞笑"",""大果"",""四禧丸子"",""沐霂"",""又一充电中"",""抽象"",""神人"",""虚拟主播"",""整活""]",逆天|搞笑|大果|四禧丸子|沐霂|又一充电中|抽象|神人|虚拟主播|整活,1,0,0,0,[],[],[],,http://i2.hdslb.com/bfs/archive/d0bac7ea0a930627d0d838254a7e063823084936.jpg,https://www.bilibili.com/video/BV1fvEt6oEF8,2026-06-10T20:03:00+00:00,又一充电中,1,1,keyword_search:又一充电中
BV17JEK6bE2Z,116712431161541,我最喜欢的六首V圈原创曲【虚拟聊天室】,1780890619,2026-06-08T11:50:19+08:00,1780890619,456,27,2022,,2523,40,68,23,32,7,139,"全是主观评价，乐评都是ai生成的，视频均标注了出处，只有这六首是因为我只听过这么多




————————
请关注她们

嘉然今天吃什么：https://space.bilibili.com/672328094?spm_id_from=333.337.0.0
乃琳Queen：https://space.bilibili.com/672342685?spm_id_from=333.337.0.0
贝拉kira：https://space.bilibili.com/672353429?spm_id_from=333.337.0.0
星瞳_Official：https://space.bilibili.com/401315430?spm_id_from=333.337.0.0
沐霂是mumu呀：https://space.bilibili.com/1878154667?spm_id_from=333.337.0.0
梨安不迷路：https://space.bilibili.com/1900141897?spm_id_from=333.337.0.0
恬豆发芽了：https://space.bilibili.com/1660392980?spm_id_from=333.337.0.0
又一充电中：https://space.bilibili.com/1217754423?spm_id_from=333.337.0.0",1062902765,shizuku緑,[1062902765],"[{""mid"":1062902765,""name"":""shizuku緑"",""role"":""UP主""}]",1062902765,shizuku緑,1449,,"[""虚拟偶像"",""音乐"",""歌曲"",""原创曲"",""恬豆发芽了"",""梨安不迷路"",""又一充电中"",""沐霂是mumu呀"",""星瞳"",""A-SOUL""]",虚拟偶像|音乐|歌曲|原创曲|恬豆发芽了|梨安不迷路|又一充电中|沐霂是mumu呀|星瞳|A-SOUL,0,0,1,3,"[""简介: 文本说明AI参与内容制作""]",[],"[""音乐相关标签: 音乐"",""音乐相关标签: 歌曲"",""音乐相关标签: 原创曲""]",个人观点，仅供参考,http://i0.hdslb.com/bfs/archive/046f5e5f6501e6a4afda5d85b6289f63ea4e0867.jpg,https://www.bilibili.com/video/BV17JEK6bE2Z,2026-06-10T19:47:15+00:00,又一充电中,1,1,keyword_search:又一充电中
BV1TBEK6jED5,116712229832303,【又一充电中】又一演唱《唐·毒蛇》🐍电脑接连抗议（含纯享版）,1780887726,2026-06-08T11:02:06+08:00,1780887726,562,27,2020,,238,0,0,1,2,0,10,"恬豆发芽了 https://space.bilibili.com/1660392980/
又一充电中 https://space.bilibili.com/1217754423/
沐霂是MUMU呀 https://space.bilibili.com/1878154667/
梨安不迷路 https://space.bilibili.com/1900141897/

2026年6月7日直播",155712849,YaYaChan_,[155712849],"[{""mid"":155712849,""name"":""YaYaChan_"",""role"":""UP主""}]",155712849,YaYaChan_,8121,,"[""直播"",""翻唱"",""虚拟偶像"",""女神"",""又一"",""又一充电中"",""切片"",""纯享版""]",直播|翻唱|虚拟偶像|女神|又一|又一充电中|切片|纯享版,0,0,0,0,[],[],"[""音乐相关标签: 翻唱""]",,http://i1.hdslb.com/bfs/archive/a8eb9f90bee394233c9c976e6a673a66bae0cb38.jpg,https://www.bilibili.com/video/BV1TBEK6jED5,2026-06-10T19:57:42+00:00,又一充电中,1,1,keyword_search:又一充电中
BV1G4EK69EQo,116712078837344,又一新衣回强势突破300舰！！网友点评：这画风像那位老师的手笔！！【爱袅TV 199】,1780885104,2026-06-08T10:18:24+08:00,1780885104,44,27,2047,,25523,0,48,50,2,8,305,视频内容仅供娱乐，无参考价值,1459273430,千袅Official吧,[1459273430],"[{""mid"":1459273430,""name"":""千袅Official吧"",""role"":""UP主""}]",1459273430,千袅Official吧,2439,,"[""美女"",""二次元"",""虚拟偶像"",""袁雨桢"",""又一"",""又一充电中"",""本子""]",美女|二次元|虚拟偶像|袁雨桢|又一|又一充电中|本子,0,0,0,0,[],[],[],个人观点，仅供参考,http://i1.hdslb.com/bfs/archive/b3f76d7c48228c785e13deb4ff6ee8391ea1cd19.jpg,https://www.bilibili.com/video/BV1G4EK69EQo,2026-06-10T19:52:10+00:00,又一充电中,1,1,keyword_search:又一充电中
BV1fJEh6vEVr,116709495212677,【又一】大大方方喊牛哥，再不喊就没几天狂头了！牛哥牛哥牛哥牛哥！,1780884300,2026-06-08T10:05:00+08:00,1780845725,113,27,2047,,17361,9,69,116,3,3,524,"又一充电中 https://space.bilibili.com/1217754423/
沐霂是MUMU呀 https://space.bilibili.com/1878154667/
梨安不迷路 https://space.bilibili.com/1900141897/
恬豆发芽了 https://space.bilibili.com/1660392980/
2026.06.07直播剪辑",1113769832,秩序丶安,[1113769832],"[{""mid"":1113769832,""name"":""秩序丶安"",""role"":""UP主""}]",1113769832,秩序丶安,36936,,"[""逆天"",""搞笑"",""难绷"",""四禧丸子"",""又一充电中"",""2D新衣"",""抽象"",""串子"",""虚拟主播"",""整活""]",逆天|搞笑|难绷|四禧丸子|又一充电中|2D新衣|抽象|串子|虚拟主播|整活,1,0,0,0,[],[],[],,http://i1.hdslb.com/bfs/archive/64686bd51e65f70eb467e6e8658f43becf68af80.jpg,https://www.bilibili.com/video/BV1fJEh6vEVr,2026-06-10T20:02:55+00:00,又一充电中,1,1,keyword_search:又一充电中
BV18rEh6nEn9,116711206424811,你这什么直播间啊羞死人了🤧又一脱小又裙子展示翘臀还说有福了是什么意思🤯,1780876800,2026-06-08T08:00:00+08:00,1780871924,55,27,2047,,1274,0,6,8,0,0,46,"又一充电中
https://space.bilibili.com/1217754423/
恬豆发芽了
https://space.bilibili.com/1660392980/
梨安不迷路
https://space.bilibili.com/1900141897/
沐霂是MUMU呀
https://space.bilibili.com/1878154667/",13193691,栝豆发芽了,[13193691],"[{""mid"":13193691,""name"":""栝豆发芽了"",""role"":""UP主""}]",13193691,栝豆发芽了,8473,,"[""可爱"",""搞笑"",""虚拟UP主"",""又一"",""四禧丸子"",""又一充电中""]",可爱|搞笑|虚拟UP主|又一|四禧丸子|又一充电中,1,0,0,0,[],[],[],,http://i2.hdslb.com/bfs/archive/0c6e23bff3c4614fe34964cb4e290cd8f82aa562.jpg,https://www.bilibili.com/video/BV18rEh6nEn9,2026-06-10T19:48:05+00:00,又一充电中,1,1,keyword_search:又一充电中
BV1QBEh6pEEo,116711172935688,又幻想了。。。幻想邦邦邦变成大大大,1780876800,2026-06-08T08:00:00+08:00,1780871328,56,27,2047,,446,0,0,1,0,0,40,"又一充电中
https://space.bilibili.com/1217754423/
恬豆发芽了
https://space.bilibili.com/1660392980/
梨安不迷路
https://space.bilibili.com/1900141897/
沐霂是MUMU呀
https://space.bilibili.com/1878154667/",13193691,栝豆发芽了,[13193691],"[{""mid"":13193691,""name"":""栝豆发芽了"",""role"":""UP主""}]",13193691,栝豆发芽了,8473,,"[""搞笑"",""可爱"",""虚拟UP主"",""又一"",""四禧丸子"",""又一充电中""]",搞笑|可爱|虚拟UP主|又一|四禧丸子|又一充电中,1,0,0,0,[],[],[],,http://i1.hdslb.com/bfs/archive/75c71184b6c5f8cff147bf71639bdc658e590397.jpg,https://www.bilibili.com/video/BV1QBEh6pEEo,2026-06-10T19:56:25+00:00,又一充电中,1,1,keyword_search:又一充电中
BV1aiEh69EWp,116711189648995,这是又神？最垫大欺客的一集😡,1780876800,2026-06-08T08:00:00+08:00,1780871532,64,27,2047,,2211,2,9,14,0,4,57,"又一充电中
https://space.bilibili.com/1217754423/
恬豆发芽了
https://space.bilibili.com/1660392980/
梨安不迷路
https://space.bilibili.com/1900141897/
沐霂是MUMU呀
https://space.bilibili.com/1878154667/",13193691,栝豆发芽了,[13193691],"[{""mid"":13193691,""name"":""栝豆发芽了"",""role"":""UP主""}]",13193691,栝豆发芽了,8473,,"[""可爱"",""搞笑"",""虚拟UP主"",""又一"",""四禧丸子"",""又一充电中""]",可爱|搞笑|虚拟UP主|又一|四禧丸子|又一充电中,1,0,0,0,[],[],[],,http://i1.hdslb.com/bfs/archive/4edfda0b9ddb7e614d2acbf235ebe6dc77e66052.jpg,https://www.bilibili.com/video/BV1aiEh69EWp,2026-06-10T20:00:42+00:00,又一充电中,1,1,keyword_search:又一充电中
BV1hBEh6pE8C,116711172871343,👽：干嘛。。。,1780876800,2026-06-08T08:00:00+08:00,1780871352,21,27,2047,,1201,0,11,13,0,1,59,"又一充电中
https://space.bilibili.com/1217754423/
恬豆发芽了
https://space.bilibili.com/1660392980/
梨安不迷路
https://space.bilibili.com/1900141897/
沐霂是MUMU呀
https://space.bilibili.com/1878154667/",13193691,栝豆发芽了,[13193691],"[{""mid"":13193691,""name"":""栝豆发芽了"",""role"":""UP主""}]",13193691,栝豆发芽了,8473,,"[""可爱"",""搞笑"",""虚拟UP主"",""又一"",""四禧丸子"",""又一充电中""]",可爱|搞笑|虚拟UP主|又一|四禧丸子|又一充电中,1,0,0,0,[],[],[],,http://i1.hdslb.com/bfs/archive/93e512f07385314eb071c77e747027104c1da776.jpg,https://www.bilibili.com/video/BV1hBEh6pE8C,2026-06-10T20:03:45+00:00,又一充电中,1,1,keyword_search:又一充电中
BV1tkEh6SEw2,116711390972902,【又一】深夜一首《月光》炸出一只紫色小猪三理爆大米打call🥰又神特意唱首粤语歌《风继续吹》给理神听，并说是三理教的粤语给人直接吓跑了🏃‍♀️不背锅！！！！,1780875900,2026-06-08T07:45:00+08:00,1780874741,868,27,2020,,8036,3,31,79,6,2,337,"又一充电中 https://space.bilibili.com/1217754423/
三理Mit3uri https://space.bilibili.com/2030198123/
沐霂是MUMU呀 https://space.bilibili.com/1878154667/
梨安不迷路 https://space.bilibili.com/1900141897/
恬豆发芽了 https://space.bilibili.com/1660392980/
2026.06.07直播剪辑",1113769832,秩序丶安,[1113769832],"[{""mid"":1113769832,""name"":""秩序丶安"",""role"":""UP主""}]",1113769832,秩序丶安,36936,,"[""翻唱"",""搞笑"",""逆天"",""难绷"",""四禧丸子"",""又一充电中"",""抽象"",""虚拟主播"",""整活"",""三理""]",翻唱|搞笑|逆天|难绷|四禧丸子|又一充电中|抽象|虚拟主播|整活|三理,1,0,0,0,[],[],"[""音乐相关标签: 翻唱""]",,http://i1.hdslb.com/bfs/archive/20fa536575ab0e7c605818f6ad842b7a8f6280f6.jpg,https://www.bilibili.com/video/BV1tkEh6SEw2,2026-06-10T20:09:45+00:00,又一充电中,1,1,keyword_search:又一充电中
BV13LE86JEYz,116710266902305,【又一歌】 唐·毒蛇、風情萬種、克卜勒、DNA、呼吸决定、屑屑、讨厌、你曾是少年、卜卦、彩虹糖的梦、月光、风继续吹、手写的从前 2026-06-07 19:59,1780857638,2026-06-08T02:40:38+08:00,1780857638,3234,31,2020,,1185,0,3,12,2,2,44,"又一充电中 https://space.bilibili.com/1217754423/
播客喵 http://music.163.com/radio?id=1222590525 收藏喵
2026-06-07 19:59",36465956,普通小又不吃大果,[36465956],"[{""mid"":36465956,""name"":""普通小又不吃大果"",""role"":""UP主""}]",36465956,普通小又不吃大果,363,,"[""音乐"",""翻唱"",""虚拟偶像"",""虚拟UP主"",""直播录像"",""又一"",""四禧丸子"",""又一充电中"",""切片"",""虚拟主播""]",音乐|翻唱|虚拟偶像|虚拟UP主|直播录像|又一|四禧丸子|又一充电中|切片|虚拟主播,1,0,0,0,[],[],"[""音乐相关标签: 音乐"",""音乐相关标签: 翻唱""]",,http://i0.hdslb.com/bfs/archive/a31e5f9a131ef8faa030f8fbff7c1459c8d38354.jpg,https://www.bilibili.com/video/BV13LE86JEYz,2026-06-10T19:45:26+00:00,又一充电中,1,1,keyword_search:又一充电中
BV1X9E86pE6J,116709780361278,【又一】又神整的跟锤头鲨似的真是糖的没边了！这从左眼到右眼打车都得五百块😅玩扫描定格特效玩疯了，新衣这么快就给腌入味了,1780849999,2026-06-08T00:33:19+08:00,1780849999,243,27,2047,,14432,11,69,67,2,19,325,"恬豆发芽了 https://space.bilibili.com/1660392980/
又一充电中 https://space.bilibili.com/1217754423/
沐霂是MUMU呀 https://space.bilibili.com/1878154667/
梨安不迷路 https://space.bilibili.com/1900141897/

又一2026年6月7日20:00场",35988650,蜘蛛侠_Official,[35988650],"[{""mid"":35988650,""name"":""蜘蛛侠_Official"",""role"":""UP主""}]",35988650,蜘蛛侠_Official,9945,,"[""逆天"",""搞笑"",""虚拟偶像"",""四禧丸子"",""又一充电中"",""锤头鲨"",""神人"",""抽象"",""虚拟主播"",""整活""]",逆天|搞笑|虚拟偶像|四禧丸子|又一充电中|锤头鲨|神人|抽象|虚拟主播|整活,1,0,0,0,[],[],[],,http://i0.hdslb.com/bfs/archive/9607b66c2ac04822dbe1c7266ac9fdeff69226a7.jpg,https://www.bilibili.com/video/BV1X9E86pE6J,2026-06-10T19:59:34+00:00,又一充电中,1,1,keyword_search:又一充电中
BV1BHEh6PEPH,116709545478714,【又一充电中】又一2D新衣回～-2026.06.07,1780847982,2026-06-07T23:59:42+08:00,1780847982,22005,241,2047,,59,0,0,1,0,0,2,"又一充电中 https://space.bilibili.com/1217754423/
录播自动上传",526364731,鎏绶,[526364731],"[{""mid"":526364731,""name"":""鎏绶"",""role"":""UP主""}]",526364731,鎏绶,173,,"[""又一充电中""]",又一充电中,0,0,0,0,[],[],[],,http://i2.hdslb.com/bfs/archive/428e63d078bfbea20d252cb070090cc6ae3832fb.jpg,https://www.bilibili.com/video/BV1BHEh6PEPH,2026-06-10T19:49:45+00:00,又一充电中,1,1,keyword_search:又一充电中
BV1dCE86FE6T,116709629365998,又一认真研究半天终于确认家里那玩意不是蟑螂,1780847942,2026-06-07T23:59:02+08:00,1780847942,122,27,2047,,98,0,0,1,0,0,3,"▷2026年6月7日晚间直播
▷又一的空间：https://space.bilibili.com/1217754423
▷又一的直播间：https://live.bilibili.com/23771092
▷欢迎关注@又一充电中 ！",1578739943,资深能不能放过这一次,[1578739943],"[{""mid"":1578739943,""name"":""资深能不能放过这一次"",""role"":""UP主""}]",1578739943,资深能不能放过这一次,245,,"[""杂谈"",""直播切片"",""新衣回"",""四禧丸子"",""又一充电中"",""虫子鉴定"",""生活趣事"",""蟑螂"",""虚拟主播""]",杂谈|直播切片|新衣回|四禧丸子|又一充电中|虫子鉴定|生活趣事|蟑螂|虚拟主播,1,0,0,0,[],[],[],,http://i0.hdslb.com/bfs/archive/261d7e0f9c3c80be39bb787e5cb5a9901c37c820.png,https://www.bilibili.com/video/BV1dCE86FE6T,2026-06-10T20:01:57+00:00,又一充电中,1,1,keyword_search:又一充电中
BV13QE86RE2q,116709595876785,又一被一个 feet 问到当场复习英语,1780847357,2026-06-07T23:49:17+08:00,1780847357,98,27,2047,,44,0,0,1,0,0,3,"▷2026年6月7日晚间直播
▷又一的空间：https://space.bilibili.com/1217754423
▷又一的直播间：https://live.bilibili.com/23771092
▷欢迎关注@又一充电中 ！",1578739943,资深能不能放过这一次,[1578739943],"[{""mid"":1578739943,""name"":""资深能不能放过这一次"",""role"":""UP主""}]",1578739943,资深能不能放过这一次,245,,"[""杂谈"",""直播切片"",""新衣回"",""四禧丸子"",""又一充电中"",""虚拟主播"",""又一2D新衣回～"",""英语小考""]",杂谈|直播切片|新衣回|四禧丸子|又一充电中|虚拟主播|又一2D新衣回～|英语小考,1,0,0,0,[],[],[],,http://i2.hdslb.com/bfs/archive/64270dcceb736c71f01547b56e8bf36e8208c2e1.png,https://www.bilibili.com/video/BV13QE86RE2q,2026-06-10T19:45:31+00:00,又一充电中,1,1,keyword_search:又一充电中
BV19mE864EtY,116709579033925,又一新衣回聊到线上演唱会卡顿突然上头了,1780847037,2026-06-07T23:43:57+08:00,1780847037,142,27,2047,,45,0,0,1,0,0,4,"▷2026年6月7日晚间直播
▷又一的空间：https://space.bilibili.com/1217754423
▷又一的直播间：https://live.bilibili.com/23771092
▷欢迎关注@又一充电中 ！",1578739943,资深能不能放过这一次,[1578739943],"[{""mid"":1578739943,""name"":""资深能不能放过这一次"",""role"":""UP主""}]",1578739943,资深能不能放过这一次,245,,"[""演唱会"",""B站"",""虚拟UP主"",""直播切片"",""四禧丸子"",""又一充电中"",""2D新衣回"",""虚拟主播"",""又一2D新衣回～""]",演唱会|B站|虚拟UP主|直播切片|四禧丸子|又一充电中|2D新衣回|虚拟主播|又一2D新衣回～,1,0,0,0,[],[],[],,http://i2.hdslb.com/bfs/archive/9cbbb16a2562ff65b5c94d587179f792d70b24aa.png,https://www.bilibili.com/video/BV19mE864EtY,2026-06-10T19:48:29+00:00,又一充电中,1,1,keyword_search:又一充电中
BV1yTEh6CEJM,116709360929017,【又一充电中】又一2D新衣回～-直播录播弹幕版-2026.06.07,1780847035,2026-06-07T23:43:55+08:00,1780847035,21963,27,2047,,292,0,0,3,0,0,9,"又一充电中直播录播
欢迎关注四禧丸子：
又一充电中：https://space.bilibili.com/1217754423
沐霂是MUMU呀：https://space.bilibili.com/1878154667
恬豆发芽了：https://space.bilibili.com/1660392980
梨安不迷路：https://space.bilibili.com/1900141897
录播机自动上传，受网络波动、录播软件抽风、卡审核等原因，可能偶尔出现迷之分P、分P之间缺了几分钟的情况，先给大家跪了OJL",1497560529,丸子弹幕版录播机,[1497560529],"[{""mid"":1497560529,""name"":""丸子弹幕版录播机"",""role"":""UP主""}]",1497560529,丸子弹幕版录播机,966,,"[""直播"",""录播"",""又一"",""四禧丸子"",""又一充电中""]",直播|录播|又一|四禧丸子|又一充电中,0,0,0,0,[],[],[],,http://i2.hdslb.com/bfs/archive/b1c307d791863252dbbd8c1167d21b6d8ec99f31.jpg,https://www.bilibili.com/video/BV1yTEh6CEJM,2026-06-10T20:10:55+00:00,又一充电中,1,1,keyword_search:又一充电中
BV1BJEh6vEHd,116709495147959,又一的新衣被玩成抽象表情包现场,1780846249,2026-06-07T23:30:49+08:00,1780846249,537,27,2047,,301,0,2,4,0,0,9,"▷2026年6月7日晚间直播
▷又一的空间：https://space.bilibili.com/1217754423
▷又一的直播间：https://live.bilibili.com/23771092
▷欢迎关注@又一充电中 ！",1578739943,资深能不能放过这一次,[1578739943],"[{""mid"":1578739943,""name"":""资深能不能放过这一次"",""role"":""UP主""}]",1578739943,资深能不能放过这一次,245,,"[""搞笑"",""直播切片"",""新衣回"",""四禧丸子"",""又一充电中"",""抽象"",""虚拟主播"",""VUP"",""模型变形"",""新衣装""]",搞笑|直播切片|新衣回|四禧丸子|又一充电中|抽象|虚拟主播|VUP|模型变形|新衣装,1,0,0,0,[],[],[],,http://i1.hdslb.com/bfs/archive/7f8a8e98a66465e9a59b5f36e68c8cda6ce47e62.png,https://www.bilibili.com/video/BV1BJEh6vEHd,2026-06-10T19:49:50+00:00,又一充电中,1,1,keyword_search:又一充电中
BV19bEh6bEix,116709461659372,【又一】哈哈镜特效糖的没边了！灵机一动龙熊成功，也是超越肥梨size实现梦想了😄,1780845928,2026-06-07T23:25:28+08:00,1780845928,427,27,2047,,5037,15,16,26,3,0,188,"又一充电中 https://space.bilibili.com/1217754423/
沐霂是MUMU呀 https://space.bilibili.com/1878154667/
梨安不迷路 https://space.bilibili.com/1900141897/
恬豆发芽了 https://space.bilibili.com/1660392980/
2026.06.07直播剪辑",1113769832,秩序丶安,[1113769832],"[{""mid"":1113769832,""name"":""秩序丶安"",""role"":""UP主""}]",1113769832,秩序丶安,36936,,"[""搞笑"",""逆天"",""难绷"",""四禧丸子"",""又一充电中"",""2D新衣"",""没有人类了"",""抽象"",""虚拟主播"",""整活""]",搞笑|逆天|难绷|四禧丸子|又一充电中|2D新衣|没有人类了|抽象|虚拟主播|整活,1,0,0,0,[],[],[],,http://i2.hdslb.com/bfs/archive/600cfbc49b7e260b0390dbf915b6eebb0c975391.jpg,https://www.bilibili.com/video/BV19bEh6bEix,2026-06-10T19:48:25+00:00,又一充电中,1,1,keyword_search:又一充电中
BV1qsEh6wEiG,116709444820801,【又一】用新衣服整抽象活，这糖B脸太搞了，跟外星人似的🤣灵机一动丰胸成功，又神也是实现了E罩杯的梦想😆,1780844987,2026-06-07T23:09:47+08:00,1780844987,401,27,2047,,3220,4,16,13,2,2,96,"恬豆发芽了 https://space.bilibili.com/1660392980/
又一充电中 https://space.bilibili.com/1217754423/
沐霂是MUMU呀 https://space.bilibili.com/1878154667/
梨安不迷路 https://space.bilibili.com/1900141897/

又一2026年6月7日20:00场",35988650,蜘蛛侠_Official,[35988650],"[{""mid"":35988650,""name"":""蜘蛛侠_Official"",""role"":""UP主""}]",35988650,蜘蛛侠_Official,9945,,"[""虚拟偶像"",""逆天"",""可爱"",""外星人"",""搞笑"",""四禧丸子"",""又一充电中"",""抽象"",""虚拟主播"",""整活""]",虚拟偶像|逆天|可爱|外星人|搞笑|四禧丸子|又一充电中|抽象|虚拟主播|整活,1,0,0,0,[],[],[],,http://i2.hdslb.com/bfs/archive/81f97aa2fc1740dc0d7a412da3448a079fa5575a.jpg,https://www.bilibili.com/video/BV1qsEh6wEiG,2026-06-10T20:08:32+00:00,又一充电中,1,1,keyword_search:又一充电中
BV1LxEh6aECo,116709428168740,【又一】VR说新衣回前把东西都给齐，于是开播前五分钟才收到了小又，太极限了😅,1780844604,2026-06-07T23:03:24+08:00,1780844604,76,27,2047,,4993,0,11,20,0,1,203,"又一充电中 https://space.bilibili.com/1217754423/
沐霂是MUMU呀 https://space.bilibili.com/1878154667/
梨安不迷路 https://space.bilibili.com/1900141897/
恬豆发芽了 https://space.bilibili.com/1660392980/
2026.06.07直播剪辑",1113769832,秩序丶安,[1113769832],"[{""mid"":1113769832,""name"":""秩序丶安"",""role"":""UP主""}]",1113769832,秩序丶安,36936,,"[""逆天"",""搞笑"",""难绷"",""四禧丸子"",""又一充电中"",""2D新衣"",""抽象"",""虚拟主播"",""小又"",""整活""]",逆天|搞笑|难绷|四禧丸子|又一充电中|2D新衣|抽象|虚拟主播|小又|整活,1,0,0,0,[],[],[],,http://i2.hdslb.com/bfs/archive/4efcd5c2f54f9f0e1e69f6864e8ebf6b0eeae8a1.jpg,https://www.bilibili.com/video/BV1LxEh6aECo,2026-06-10T19:54:47+00:00,又一充电中,1,1,keyword_search:又一充电中
BV1pgEh6kEk4,116709394615967,又一看粉丝做的武侠小动画被梨门吹雪和又留香笑到停不下来,1780844361,2026-06-07T22:59:21+08:00,1780844361,281,27,2052,,750,0,0,9,0,0,20,"▷2026年6月7日晚间直播
▷又一的空间：https://space.bilibili.com/1217754423
▷又一的直播间：https://live.bilibili.com/23771092
▷欢迎关注@又一充电中 ！",1578739943,资深能不能放过这一次,[1578739943],"[{""mid"":1578739943,""name"":""资深能不能放过这一次"",""role"":""UP主""}]",1578739943,资深能不能放过这一次,245,,"[""武侠"",""吐槽"",""直播切片"",""新衣回"",""四禧丸子"",""又一充电中"",""小动画"",""粉丝投稿"",""虚拟主播""]",武侠|吐槽|直播切片|新衣回|四禧丸子|又一充电中|小动画|粉丝投稿|虚拟主播,1,0,0,0,[],[],[],,http://i0.hdslb.com/bfs/archive/4a572afca04472830b7844a55853a5b404f28cb7.png,https://www.bilibili.com/video/BV1pgEh6kEk4,2026-06-10T20:07:58+00:00,又一充电中,1,1,keyword_search:又一充电中
BV1TKEh6LE7s,116709377775549,【又一】被说嘴里叼着烟瞬间应激，疯狂解释这是棒棒糖😰,1780843984,2026-06-07T22:53:04+08:00,1780843984,94,27,2047,,3753,0,13,17,0,0,95,"恬豆发芽了 https://space.bilibili.com/1660392980/
又一充电中 https://space.bilibili.com/1217754423/
沐霂是MUMU呀 https://space.bilibili.com/1878154667/
梨安不迷路 https://space.bilibili.com/1900141897/

又一2026年6月7日20:00场",35988650,蜘蛛侠_Official,[35988650],"[{""mid"":35988650,""name"":""蜘蛛侠_Official"",""role"":""UP主""}]",35988650,蜘蛛侠_Official,9945,,"[""虚拟偶像"",""可爱"",""搞笑"",""四禧丸子"",""又一充电中"",""女士细烟"",""棒棒糖"",""虚拟主播"",""应激"",""整活""]",虚拟偶像|可爱|搞笑|四禧丸子|又一充电中|女士细烟|棒棒糖|虚拟主播|应激|整活,1,0,0,0,[],[],[],,http://i0.hdslb.com/bfs/archive/3bb018d350ff146af9b4d6cd47908f3153fe70ce.jpg,https://www.bilibili.com/video/BV1TKEh6LE7s,2026-06-10T19:58:10+00:00,又一充电中,1,1,keyword_search:又一充电中
BV1yTEh6CEvH,116709360929614,【又一】展示2D新衣相关大航海礼物，手机支架，袖套，老鼠干、fufu（梅川内库版🥵），睡衣、保温杯、护照夹，还有传统派又神,1780843754,2026-06-07T22:49:14+08:00,1780843754,1566,27,2047,,6961,4,9,46,0,1,217,"又一充电中 https://space.bilibili.com/1217754423/
沐霂是MUMU呀 https://space.bilibili.com/1878154667/
梨安不迷路 https://space.bilibili.com/1900141897/
恬豆发芽了 https://space.bilibili.com/1660392980/
2026.06.07直播剪辑",1113769832,秩序丶安,[1113769832],"[{""mid"":1113769832,""name"":""秩序丶安"",""role"":""UP主""}]",1113769832,秩序丶安,36936,,"[""逆天"",""搞笑"",""四禧丸子"",""又一充电中"",""舰礼"",""2D新衣"",""抽象"",""虚拟主播"",""整活"",""大航海礼物""]",逆天|搞笑|四禧丸子|又一充电中|舰礼|2D新衣|抽象|虚拟主播|整活|大航海礼物,1,0,0,0,[],[],[],,http://i0.hdslb.com/bfs/archive/78693d6112b4ddf0985c1b12220e89a0fee30ad6.jpg,https://www.bilibili.com/video/BV1yTEh6CEvH,2026-06-10T20:11:00+00:00,又一充电中,1,1,keyword_search:又一充电中
BV1c8Et6wEGN,116709277044282,【又一充电中】又一2D新衣回～-2026.06.07-纯净版,1780843242,2026-06-07T22:40:42+08:00,1780843243,22005,27,2047,,34,0,0,1,0,0,4,"又一充电中 https://space.bilibili.com/1217754423/
录播自动上传",526364731,鎏绶,[526364731],"[{""mid"":526364731,""name"":""鎏绶"",""role"":""UP主""}]",526364731,鎏绶,173,,"[""又一充电中""]",又一充电中,0,0,0,0,[],[],[],,http://i2.hdslb.com/bfs/archive/ef01df846e95de4e24af939dc90bde54045f4267.jpg,https://www.bilibili.com/video/BV1c8Et6wEGN,2026-06-10T20:01:40+00:00,又一充电中,1,1,keyword_search:又一充电中
BV1PGEh63Evq,116709310665083,【又一】暴露狂又一肆意玩弄新衣fufu耍流氓，逐渐扒掉孩子的衣服裤子，大白屁股展露无遗，居然梅川类库！给孩子留点隐私吧！,1780842889,2026-06-07T22:34:49+08:00,1780842890,268,27,2047,,3896,2,5,18,0,1,108,"恬豆发芽了 https://space.bilibili.com/1660392980/
又一充电中 https://space.bilibili.com/1217754423/
沐霂是MUMU呀 https://space.bilibili.com/1878154667/
梨安不迷路 https://space.bilibili.com/1900141897/

又一2026年6月7日20:00场",35988650,蜘蛛侠_Official,[35988650],"[{""mid"":35988650,""name"":""蜘蛛侠_Official"",""role"":""UP主""}]",35988650,蜘蛛侠_Official,9945,,"[""可爱"",""逆天"",""虚拟偶像"",""搞笑"",""四禧丸子"",""又一充电中"",""2D新衣"",""流氓"",""虚拟主播"",""整活""]",可爱|逆天|虚拟偶像|搞笑|四禧丸子|又一充电中|2D新衣|流氓|虚拟主播|整活,1,0,0,0,[],[],[],,http://i0.hdslb.com/bfs/archive/f140bfb9ffd29c92e3fb605663ff6861440718ca.jpg,https://www.bilibili.com/video/BV1PGEh63Evq,2026-06-10T19:55:59+00:00,又一充电中,1,1,keyword_search:又一充电中
BV1c8Et6wEE7,116709277042834,又一这版《讨厌》越唱越上头,1780842589,2026-06-07T22:29:49+08:00,1780842589,265,27,2020,,107,0,1,2,0,1,6,"▷2026年6月7日晚间直播
▷又一的空间：https://space.bilibili.com/1217754423
▷又一的直播间：https://live.bilibili.com/23771092
▷欢迎关注@又一充电中 ！",1578739943,资深能不能放过这一次,[1578739943],"[{""mid"":1578739943,""name"":""资深能不能放过这一次"",""role"":""UP主""}]",1578739943,资深能不能放过这一次,245,,"[""唱歌"",""虚拟UP主"",""又一"",""直播切片"",""新衣回"",""四禧丸子"",""又一充电中"",""虚拟主播"",""讨厌爱上了你""]",唱歌|虚拟UP主|又一|直播切片|新衣回|四禧丸子|又一充电中|虚拟主播|讨厌爱上了你,1,0,0,0,[],[],[],,http://i2.hdslb.com/bfs/archive/7efac4c358f3040c07a16c944b6fe396649a4627.png,https://www.bilibili.com/video/BV1c8Et6wEE7,2026-06-10T20:01:35+00:00,又一充电中,1,1,keyword_search:又一充电中
BV1p4Et6PEMy,116709243555816,又一新衣回《屑屑》,1780842117,2026-06-07T22:21:57+08:00,1780842118,263,27,2020,,33,0,0,0,0,0,6,"▷2026年6月7日晚间直播
▷又一的空间：https://space.bilibili.com/1217754423
▷又一的直播间：https://live.bilibili.com/23771092
▷欢迎关注@又一充电中 ！",1578739943,资深能不能放过这一次,[1578739943],"[{""mid"":1578739943,""name"":""资深能不能放过这一次"",""role"":""UP主""}]",1578739943,资深能不能放过这一次,245,,"[""唱歌"",""直播切片"",""新衣回"",""四禧丸子"",""又一充电中"",""虚拟主播"",""又一2D新衣回～""]",唱歌|直播切片|新衣回|四禧丸子|又一充电中|虚拟主播|又一2D新衣回～,1,0,0,0,[],[],[],,http://i2.hdslb.com/bfs/archive/9b5bba6a825a430aefc50125a00e81faf686877e.png,https://www.bilibili.com/video/BV1p4Et6PEMy,2026-06-10T20:07:22+00:00,又一充电中,1,1,keyword_search:又一充电中
BV1ctEt6YEZy,116709226712916,又一戴上眼镜唱《呼吸决定》这段状态太好了,1780841720,2026-06-07T22:15:20+08:00,1780841720,305,27,2020,,32,0,0,0,0,0,2,"▷2026年6月7日晚间直播
▷又一的空间：https://space.bilibili.com/1217754423
▷又一的直播间：https://live.bilibili.com/23771092
▷欢迎关注@又一充电中 ！",1578739943,资深能不能放过这一次,[1578739943],"[{""mid"":1578739943,""name"":""资深能不能放过这一次"",""role"":""UP主""}]",1578739943,资深能不能放过这一次,245,,"[""唱歌"",""又一"",""直播切片"",""新衣回"",""四禧丸子"",""又一充电中"",""虚拟主播"",""呼吸决定""]",唱歌|又一|直播切片|新衣回|四禧丸子|又一充电中|虚拟主播|呼吸决定,1,0,0,0,[],[],[],,http://i2.hdslb.com/bfs/archive/7c1b5b59f72bdb7567bcc35f7ac44818da627d94.png,https://www.bilibili.com/video/BV1ctEt6YEZy,2026-06-10T20:01:49+00:00,又一充电中,1,1,keyword_search:又一充电中
BV1JYEt6FEdH,116709176444678,又一新衣回拿起麦克风唱《风情万种》也太甜了,1780840827,2026-06-07T22:00:27+08:00,1780840827,188,27,2020,,26,0,0,0,0,0,9,"▷2026年6月7日晚间直播
▷又一的空间：https://space.bilibili.com/1217754423
▷又一的直播间：https://live.bilibili.com/23771092
▷欢迎关注@又一充电中 ！",1578739943,资深能不能放过这一次,[1578739943],"[{""mid"":1578739943,""name"":""资深能不能放过这一次"",""role"":""UP主""}]",1578739943,资深能不能放过这一次,245,,"[""唱歌"",""虚拟UP主"",""又一"",""直播切片"",""新衣回"",""四禧丸子"",""又一充电中"",""风情万种"",""虚拟主播""]",唱歌|虚拟UP主|又一|直播切片|新衣回|四禧丸子|又一充电中|风情万种|虚拟主播,1,0,0,0,[],[],[],,http://i0.hdslb.com/bfs/archive/de6fbb12fd62ccfa850093ae097c0cc6cafacb2a.png,https://www.bilibili.com/video/BV1JYEt6FEdH,2026-06-10T19:53:17+00:00,又一充电中,1,1,keyword_search:又一充电中
BV1T7Et6gEGt,116709142825620,【又一歌】很喜欢的一首《呼吸决定》cover Fine 乐团 2026.06.07,1780840501,2026-06-07T21:55:01+08:00,1780840502,242,27,2020,,1913,1,10,34,5,3,159,"又一充电中 https://space.bilibili.com/1217754423/
沐霂是MUMU呀 https://space.bilibili.com/1878154667/
梨安不迷路 https://space.bilibili.com/1900141897/
恬豆发芽了 https://space.bilibili.com/1660392980/
2026.06.07直播剪辑",1113769832,秩序丶安,[1113769832],"[{""mid"":1113769832,""name"":""秩序丶安"",""role"":""UP主""}]",1113769832,秩序丶安,36936,,"[""经典"",""翻唱"",""cover"",""Fine 乐团"",""四禧丸子"",""又一充电中"",""乔西"",""主唱"",""vocal"",""虚拟主播""]",经典|翻唱|cover|Fine 乐团|四禧丸子|又一充电中|乔西|主唱|vocal|虚拟主播,1,0,0,0,[],[],"[""音乐相关标签: 翻唱""]",,http://i1.hdslb.com/bfs/archive/d107651f43f2374112550150062d0fe4d16de4c1.jpg,https://www.bilibili.com/video/BV1T7Et6gEGt,2026-06-10T19:57:33+00:00,又一充电中,1,1,keyword_search:又一充电中
BV1T7Et6gEN4,116709142825059,又一的新衣生气表情也太会拿捏酥酥又了,1780840354,2026-06-07T21:52:34+08:00,1780840355,93,27,2047,,96,0,0,0,0,0,11,"▷2026年6月7日晚间直播
▷又一的空间：https://space.bilibili.com/1217754423
▷又一的直播间：https://live.bilibili.com/23771092
▷欢迎关注@又一充电中 ！",1578739943,资深能不能放过这一次,[1578739943],"[{""mid"":1578739943,""name"":""资深能不能放过这一次"",""role"":""UP主""}]",1578739943,资深能不能放过这一次,245,,"[""直播切片"",""新衣回"",""四禧丸子"",""又一充电中"",""虚拟主播"",""表情展示"",""又一2D新衣回～""]",直播切片|新衣回|四禧丸子|又一充电中|虚拟主播|表情展示|又一2D新衣回～,1,0,0,0,[],[],[],,http://i2.hdslb.com/bfs/archive/0ef7de85c374e04fe461ab5037fceea0e67723f8.png,https://www.bilibili.com/video/BV1T7Et6gEN4,2026-06-10T19:57:38+00:00,又一充电中,1,1,keyword_search:又一充电中
BV1M7Et6gEJw,116709142829099,【又一】画师是懂又一的，新衣服还配上了抽烟的动作，这手势太专业了，一看就是老烟枪🚬,1780840248,2026-06-07T21:50:48+08:00,1780840248,196,27,2047,,26138,18,107,125,6,23,472,"恬豆发芽了 https://space.bilibili.com/1660392980/
又一充电中 https://space.bilibili.com/1217754423/
沐霂是MUMU呀 https://space.bilibili.com/1878154667/
梨安不迷路 https://space.bilibili.com/1900141897/

又一2026年6月7日20:00场",35988650,蜘蛛侠_Official,[35988650],"[{""mid"":35988650,""name"":""蜘蛛侠_Official"",""role"":""UP主""}]",35988650,蜘蛛侠_Official,9945,,"[""虚拟偶像"",""可爱"",""搞笑"",""四禧丸子"",""又一充电中"",""2D新衣"",""灵动"",""不良少女"",""虚拟主播"",""整活""]",虚拟偶像|可爱|搞笑|四禧丸子|又一充电中|2D新衣|灵动|不良少女|虚拟主播|整活,1,0,0,0,[],[],[],,http://i2.hdslb.com/bfs/archive/12bb34722f3082defd73a02ce65a3f94bfb92bbf.jpg,https://www.bilibili.com/video/BV1M7Et6gEJw,2026-06-10T19:55:20+00:00,又一充电中,1,1,keyword_search:又一充电中
BV1WsEt6vEpk,116709059004106,【又一】新衣表情展示，专让画师调糖的做，绷不住了😆可惜不能双手比✌️😍煎蛋眼难绷,1780840069,2026-06-07T21:47:49+08:00,1780840069,664,27,2047,,3506,1,15,27,1,1,154,"又一充电中 https://space.bilibili.com/1217754423/
沐霂是MUMU呀 https://space.bilibili.com/1878154667/
梨安不迷路 https://space.bilibili.com/1900141897/
恬豆发芽了 https://space.bilibili.com/1660392980/
2026.06.07直播剪辑",1113769832,秩序丶安,[1113769832],"[{""mid"":1113769832,""name"":""秩序丶安"",""role"":""UP主""}]",1113769832,秩序丶安,36936,,"[""逆天"",""搞笑"",""笑嘻了"",""难绷"",""四禧丸子"",""又一充电中"",""2D新衣"",""抽象"",""虚拟主播"",""整活""]",逆天|搞笑|笑嘻了|难绷|四禧丸子|又一充电中|2D新衣|抽象|虚拟主播|整活,1,0,0,0,[],[],[],,http://i0.hdslb.com/bfs/archive/6b05eb5dd5bb7e9c2a3e44c42f219c806f9d0d83.jpg,https://www.bilibili.com/video/BV1WsEt6vEpk,2026-06-10T19:59:29+00:00,又一充电中,1,1,keyword_search:又一充电中
BV1M5Et6GEkR,116709109271524,又一新衣表情展示把自己逗笑，荷包蛋眼也太会整活了,1780840048,2026-06-07T21:47:28+08:00,1780840048,238,27,2047,,23,1,0,0,0,0,4,"▷2026年6月7日晚间直播
▷又一的空间：https://space.bilibili.com/1217754423
▷又一的直播间：https://live.bilibili.com/23771092
▷欢迎关注@又一充电中 ！",1578739943,资深能不能放过这一次,[1578739943],"[{""mid"":1578739943,""name"":""资深能不能放过这一次"",""role"":""UP主""}]",1578739943,资深能不能放过这一次,245,,"[""直播切片"",""新衣回"",""四禧丸子"",""又一充电中"",""2D新衣"",""虚拟主播"",""又一2D新衣回～"",""荷包蛋眼""]",直播切片|新衣回|四禧丸子|又一充电中|2D新衣|虚拟主播|又一2D新衣回～|荷包蛋眼,1,0,0,0,[],[],[],,http://i1.hdslb.com/bfs/archive/0660e8e22e6c599d2ad23619e670ad07655c5624.png,https://www.bilibili.com/video/BV1M5Et6GEkR,2026-06-10T19:54:52+00:00,又一充电中,1,1,keyword_search:又一充电中
BV1g5Et6GEEa,116709109272800,【又一】2D新衣各种表情和动作展示，表情好灵动，可玩性十足！居然还有讨口子和双眼冒爱心，就是不能像沐霂那样吐舌比耶✌🙄✌,1780839986,2026-06-07T21:46:26+08:00,1780839986,836,27,2047,,812,1,7,8,1,0,51,"恬豆发芽了 https://space.bilibili.com/1660392980/
又一充电中 https://space.bilibili.com/1217754423/
沐霂是MUMU呀 https://space.bilibili.com/1878154667/
梨安不迷路 https://space.bilibili.com/1900141897/

又一2026年6月7日20:00场",35988650,蜘蛛侠_Official,[35988650],"[{""mid"":35988650,""name"":""蜘蛛侠_Official"",""role"":""UP主""}]",35988650,蜘蛛侠_Official,9945,,"[""虚拟偶像"",""搞笑"",""可爱"",""四禧丸子"",""又一充电中"",""2D新衣"",""不良少女"",""灵动"",""虚拟主播"",""整活""]",虚拟偶像|搞笑|可爱|四禧丸子|又一充电中|2D新衣|不良少女|灵动|虚拟主播|整活,1,0,0,0,[],[],[],,http://i0.hdslb.com/bfs/archive/1029f37e5b4a979432e942a5fd43815aa24132f5.jpg,https://www.bilibili.com/video/BV1g5Et6GEEa,2026-06-10T20:03:06+00:00,又一充电中,1,1,keyword_search:又一充电中
BV1U5Et6GEjs,116709109402927,【又一】其他粉丝都是被抱着，我们酥酥又沐福坏了在老肩巨猾上爬🤣能忍住不扣问号的都是神人了👍,1780839741,2026-06-07T21:42:21+08:00,1780839741,190,27,2047,,7791,6,55,55,4,4,272,"又一充电中 https://space.bilibili.com/1217754423/
沐霂是MUMU呀 https://space.bilibili.com/1878154667/
梨安不迷路 https://space.bilibili.com/1900141897/
恬豆发芽了 https://space.bilibili.com/1660392980/
2026.06.07直播剪辑",1113769832,秩序丶安,[1113769832],"[{""mid"":1113769832,""name"":""秩序丶安"",""role"":""UP主""}]",1113769832,秩序丶安,36936,,"[""逆天"",""搞笑"",""难绷"",""四禧丸子"",""又一充电中"",""酥酥又"",""2D新衣"",""抽象"",""虚拟主播"",""整活""]",逆天|搞笑|难绷|四禧丸子|又一充电中|酥酥又|2D新衣|抽象|虚拟主播|整活,1,0,0,0,[],[],[],,http://i1.hdslb.com/bfs/archive/b883ef3c6f6477349da3bb4e32835e0b9dc13f31.jpg,https://www.bilibili.com/video/BV1U5Et6GEjs,2026-06-10T19:58:35+00:00,又一充电中,1,1,keyword_search:又一充电中
BV1TLEt6rEob,116709092493893,又一新衣回一按F键差点被传成老烟枪,1780839583,2026-06-07T21:39:43+08:00,1780839583,150,27,2047,,329,0,0,1,0,0,7,"▷2026年6月7日晚间直播
▷又一的空间：https://space.bilibili.com/1217754423
▷又一的直播间：https://live.bilibili.com/23771092
▷欢迎关注@又一充电中 ！",1578739943,资深能不能放过这一次,[1578739943],"[{""mid"":1578739943,""name"":""资深能不能放过这一次"",""role"":""UP主""}]",1578739943,资深能不能放过这一次,245,,"[""直播切片"",""新衣回"",""四禧丸子"",""又一充电中"",""虚拟主播"",""又一2D新衣回～""]",直播切片|新衣回|四禧丸子|又一充电中|虚拟主播|又一2D新衣回～,1,0,0,0,[],[],[],,http://i1.hdslb.com/bfs/archive/594eea826ff8e7e747c90beba59f96298d7438b5.png,https://www.bilibili.com/video/BV1TLEt6rEob,2026-06-10T19:58:14+00:00,又一充电中,1,1,keyword_search:又一充电中
BV1KnEt6MEk5,116709042167371,【又一】戴上眼镜对味了！这是哪位老师啊😆又老师现场拿出教鞭抽打酥酥又pia pia🥵,1780838792,2026-06-07T21:26:32+08:00,1780838793,141,27,2047,,4407,0,15,40,1,3,114,"恬豆发芽了 https://space.bilibili.com/1660392980/
又一充电中 https://space.bilibili.com/1217754423/
沐霂是MUMU呀 https://space.bilibili.com/1878154667/
梨安不迷路 https://space.bilibili.com/1900141897/

沐霂2026年6月7日15:00场",35988650,蜘蛛侠_Official,[35988650],"[{""mid"":35988650,""name"":""蜘蛛侠_Official"",""role"":""UP主""}]",35988650,蜘蛛侠_Official,9945,,"[""虚拟偶像"",""可爱"",""辣妹"",""搞笑"",""四禧丸子"",""又一充电中"",""2D新衣"",""不良少女"",""老师"",""虚拟主播""]",虚拟偶像|可爱|辣妹|搞笑|四禧丸子|又一充电中|2D新衣|不良少女|老师|虚拟主播,1,0,0,0,[],[],[],,http://i1.hdslb.com/bfs/archive/53756a8d9cb68d61e1c8f469ea56c82323e71485.jpg,https://www.bilibili.com/video/BV1KnEt6MEk5,2026-06-10T19:54:10+00:00,又一充电中,1,1,keyword_search:又一充电中
BV1sHEt6qEMe,116709025451514,又一展示新衣小挂件的爬行路线 这下真成袖口乱爬的酥酥又了,1780838768,2026-06-07T21:26:08+08:00,1780838768,178,27,2047,,2212,1,5,7,0,1,53,"▷2026年6月7日晚间直播
▷又一的空间：https://space.bilibili.com/1217754423
▷又一的直播间：https://live.bilibili.com/23771092
▷欢迎关注@又一充电中 ！",1578739943,资深能不能放过这一次,[1578739943],"[{""mid"":1578739943,""name"":""资深能不能放过这一次"",""role"":""UP主""}]",1578739943,资深能不能放过这一次,245,,"[""直播切片"",""新衣回"",""杂谈切片"",""四禧丸子"",""又一充电中"",""酥酥又"",""2D新衣"",""虚拟主播"",""又一2D新衣回～""]",直播切片|新衣回|杂谈切片|四禧丸子|又一充电中|酥酥又|2D新衣|虚拟主播|又一2D新衣回～,1,0,0,0,[],[],[],,http://i2.hdslb.com/bfs/archive/f411a3a3f359e8c2c845003ed6c2b7fe71d38f9b.png,https://www.bilibili.com/video/BV1sHEt6qEMe,2026-06-10T20:09:27+00:00,又一充电中,1,1,keyword_search:又一充电中
BV1PHEt6qEDb,116709025386317,【又一】画师定义标准形象：亚比囧囧囧✌️烟店的监守自盗也不赖😁,1780838520,2026-06-07T21:22:00+08:00,1780838520,184,27,2047,,2473,0,14,11,2,2,147,"又一充电中 https://space.bilibili.com/1217754423/
沐霂是MUMU呀 https://space.bilibili.com/1878154667/
梨安不迷路 https://space.bilibili.com/1900141897/
恬豆发芽了 https://space.bilibili.com/1660392980/
2026.06.07直播剪辑",1113769832,秩序丶安,[1113769832],"[{""mid"":1113769832,""name"":""秩序丶安"",""role"":""UP主""}]",1113769832,秩序丶安,36936,,"[""逆天"",""搞笑"",""笑嘻了"",""难绷"",""四禧丸子"",""又一充电中"",""2D新衣"",""抽象"",""虚拟主播"",""整活""]",逆天|搞笑|笑嘻了|难绷|四禧丸子|又一充电中|2D新衣|抽象|虚拟主播|整活,1,0,0,0,[],[],[],,http://i0.hdslb.com/bfs/archive/e3c58cb99282873e40733520334f2434f6e83625.jpg,https://www.bilibili.com/video/BV1PHEt6qEDb,2026-06-10T19:56:04+00:00,又一充电中,1,1,keyword_search:又一充电中
BV1g9Et61E8y,116709008677118,【又一】展示耳环突然袭击亲大家一口👄就占你便宜怎么了🙄流氓小太妹搞这么暧昧🥰,1780838418,2026-06-07T21:20:18+08:00,1780838418,76,27,2047,,10244,14,47,137,7,10,306,"恬豆发芽了 https://space.bilibili.com/1660392980/
又一充电中 https://space.bilibili.com/1217754423/
沐霂是MUMU呀 https://space.bilibili.com/1878154667/
梨安不迷路 https://space.bilibili.com/1900141897/

又一2026年6月7日20:00场",35988650,蜘蛛侠_Official,[35988650],"[{""mid"":35988650,""name"":""蜘蛛侠_Official"",""role"":""UP主""}]",35988650,蜘蛛侠_Official,9945,,"[""辣妹"",""可爱"",""虚拟偶像"",""搞笑"",""四禧丸子"",""又一充电中"",""2D新衣"",""流氓"",""虚拟主播"",""整活""]",辣妹|可爱|虚拟偶像|搞笑|四禧丸子|又一充电中|2D新衣|流氓|虚拟主播|整活,1,0,0,0,[],[],[],,http://i2.hdslb.com/bfs/archive/80c4d092670de6eb35ce395406beec06fab253a8.jpg,https://www.bilibili.com/video/BV1g9Et61E8y,2026-06-10T20:03:12+00:00,又一充电中,1,1,keyword_search:又一充电中
BV1udEt65ETx,116708991895480,【又一】展示2D新衣的各种发型和眼镜麦克风手柄等配件，表情确实好灵动哦,1780838256,2026-06-07T21:17:36+08:00,1780838256,1133,27,2047,,6143,4,30,69,2,17,208,"又一充电中 https://space.bilibili.com/1217754423/
沐霂是MUMU呀 https://space.bilibili.com/1878154667/
梨安不迷路 https://space.bilibili.com/1900141897/
恬豆发芽了 https://space.bilibili.com/1660392980/
2026.06.07直播剪辑",1113769832,秩序丶安,[1113769832],"[{""mid"":1113769832,""name"":""秩序丶安"",""role"":""UP主""}]",1113769832,秩序丶安,36936,,"[""逆天"",""搞笑"",""笑嘻了"",""难绷"",""四禧丸子"",""又一充电中"",""2D新衣"",""抽象"",""虚拟主播"",""整活""]",逆天|搞笑|笑嘻了|难绷|四禧丸子|又一充电中|2D新衣|抽象|虚拟主播|整活,1,0,0,0,[],[],[],,http://i2.hdslb.com/bfs/archive/8bb7622ef7bd227843f7f5e9e8ef163118e93e65.jpg,https://www.bilibili.com/video/BV1udEt65ETx,2026-06-10T20:09:55+00:00,又一充电中,1,1,keyword_search:又一充电中
BV1gdEt65Eth,116708991898063,【又一】头发拆卸展示，脱帽露出圆头，单边马尾二次元拉满！越看越像动漫里的辣妹😍,1780838120,2026-06-07T21:15:20+08:00,1780838120,327,27,2047,,2644,1,29,17,0,0,74,"恬豆发芽了 https://space.bilibili.com/1660392980/
又一充电中 https://space.bilibili.com/1217754423/
沐霂是MUMU呀 https://space.bilibili.com/1878154667/
梨安不迷路 https://space.bilibili.com/1900141897/

又一2026年6月7日20:00场",35988650,蜘蛛侠_Official,[35988650],"[{""mid"":35988650,""name"":""蜘蛛侠_Official"",""role"":""UP主""}]",35988650,蜘蛛侠_Official,9945,,"[""可爱"",""虚拟偶像"",""辣妹"",""搞笑"",""四禧丸子"",""又一充电中"",""2D新衣"",""虚拟主播"",""圆头"",""整活""]",可爱|虚拟偶像|辣妹|搞笑|四禧丸子|又一充电中|2D新衣|虚拟主播|圆头|整活,1,0,0,0,[],[],[],,http://i0.hdslb.com/bfs/archive/f122c89c69df27c12dfa79f5051eba05ca0ee5b8.jpg,https://www.bilibili.com/video/BV1gdEt65Eth,2026-06-10T20:03:41+00:00,又一充电中,1,1,keyword_search:又一充电中
BV1DXEt6LEAq,116708958275525,又一眼镜一戴又老师味儿立刻来了,1780837643,2026-06-07T21:07:23+08:00,1780837643,142,27,2047,,39,0,0,0,0,0,3,"▷2026年6月7日晚间直播
▷又一的空间：https://space.bilibili.com/1217754423
▷又一的直播间：https://live.bilibili.com/23771092
▷欢迎关注@又一充电中 ！",1578739943,资深能不能放过这一次,[1578739943],"[{""mid"":1578739943,""name"":""资深能不能放过这一次"",""role"":""UP主""}]",1578739943,资深能不能放过这一次,245,,"[""虚拟UP主"",""直播切片"",""新衣回"",""四禧丸子"",""又一充电中"",""2D新衣"",""眼镜"",""虚拟主播"",""又一2D新衣回～""]",虚拟UP主|直播切片|新衣回|四禧丸子|又一充电中|2D新衣|眼镜|虚拟主播|又一2D新衣回～,1,0,0,0,[],[],[],,http://i2.hdslb.com/bfs/archive/b12de12230fdde15d2b83fefc4f7528cd7e2b645.png,https://www.bilibili.com/video/BV1DXEt6LEAq,2026-06-10T19:50:29+00:00,又一充电中,1,1,keyword_search:又一充电中
BV1QXEt6LE5V,116708958279282,【又一】展示专门设计的新LOGO，这次融入了拓麻歌子的元素，色彩搭配超赞,1780837509,2026-06-07T21:05:09+08:00,1780837509,100,27,2047,,710,0,2,4,0,0,43,"恬豆发芽了 https://space.bilibili.com/1660392980/
又一充电中 https://space.bilibili.com/1217754423/
沐霂是MUMU呀 https://space.bilibili.com/1878154667/
梨安不迷路 https://space.bilibili.com/1900141897/

又一2026年6月7日20:00场",35988650,蜘蛛侠_Official,[35988650],"[{""mid"":35988650,""name"":""蜘蛛侠_Official"",""role"":""UP主""}]",35988650,蜘蛛侠_Official,9945,,"[""可爱"",""LOGO"",""虚拟偶像"",""搞笑"",""四禧丸子"",""又一充电中"",""2D新衣"",""虚拟主播"",""整活""]",可爱|LOGO|虚拟偶像|搞笑|四禧丸子|又一充电中|2D新衣|虚拟主播|整活,1,0,0,0,[],[],[],,http://i0.hdslb.com/bfs/archive/012f06725b9c1b6420ebbfc3158470957b640b58.jpg,https://www.bilibili.com/video/BV1QXEt6LE5V,2026-06-10T19:56:51+00:00,又一充电中,1,1,keyword_search:又一充电中
BV1mFEb66Eta,116708941501590,【又一】2D新衣展示，眼神突然变得好帅！有种辣妹的感觉😍更绝的是居然还能左右摇晃！内藏乾坤啊！,1780837304,2026-06-07T21:01:44+08:00,1780837304,1176,27,2047,,2306,1,20,17,0,2,78,"恬豆发芽了 https://space.bilibili.com/1660392980/
又一充电中 https://space.bilibili.com/1217754423/
沐霂是MUMU呀 https://space.bilibili.com/1878154667/
梨安不迷路 https://space.bilibili.com/1900141897/

又一2026年6月7日20:00场",35988650,蜘蛛侠_Official,[35988650],"[{""mid"":35988650,""name"":""蜘蛛侠_Official"",""role"":""UP主""}]",35988650,蜘蛛侠_Official,9945,,"[""可爱"",""搞笑"",""虚拟偶像"",""辣妹"",""四禧丸子"",""又一充电中"",""2D新衣"",""小太妹"",""虚拟主播"",""整活""]",可爱|搞笑|虚拟偶像|辣妹|四禧丸子|又一充电中|2D新衣|小太妹|虚拟主播|整活,1,0,0,0,[],[],[],,http://i2.hdslb.com/bfs/archive/5adce21921ff550bd6510f61f5960b4119f6f3e9.jpg,https://www.bilibili.com/video/BV1mFEb66Eta,2026-06-10T20:05:39+00:00,又一充电中,1,1,keyword_search:又一充电中
BV1ToEt6CE6M,116708908010849,【又一】时隔一年半的2D新衣展示，给又神潮完了！面部表情确实丰富嗷~头戴裤衩绷不住了😆,1780836950,2026-06-07T20:55:50+08:00,1780836950,1126,27,2047,,7962,2,70,67,4,9,260,"又一充电中 https://space.bilibili.com/1217754423/
沐霂是MUMU呀 https://space.bilibili.com/1878154667/
梨安不迷路 https://space.bilibili.com/1900141897/
恬豆发芽了 https://space.bilibili.com/1660392980/
2026.06.07直播剪辑",1113769832,秩序丶安,[1113769832],"[{""mid"":1113769832,""name"":""秩序丶安"",""role"":""UP主""}]",1113769832,秩序丶安,36936,,"[""逆天"",""搞笑"",""笑嘻了"",""难绷"",""四禧丸子"",""又一充电中"",""2D新衣"",""抽象"",""虚拟主播"",""整活""]",逆天|搞笑|笑嘻了|难绷|四禧丸子|又一充电中|2D新衣|抽象|虚拟主播|整活,1,0,0,0,[],[],[],,http://i0.hdslb.com/bfs/archive/81d481a795ddccdf5e6bba0a94bec839644953f6.jpg,https://www.bilibili.com/video/BV1ToEt6CE6M,2026-06-10T19:58:25+00:00,又一充电中,1,1,keyword_search:又一充电中
BV17BEt6dEAY,116708840900361,【又一】唱一首电宠神曲《唐毒蛇》好悬没给我小又累死👻糖丸了🤓,1780835674,2026-06-07T20:34:34+08:00,1780835674,222,27,2020,,5948,3,51,65,42,35,268,"又一充电中 https://space.bilibili.com/1217754423/
沐霂是MUMU呀 https://space.bilibili.com/1878154667/
梨安不迷路 https://space.bilibili.com/1900141897/
恬豆发芽了 https://space.bilibili.com/1660392980/
2026.06.07直播剪辑",1113769832,秩序丶安,[1113769832],"[{""mid"":1113769832,""name"":""秩序丶安"",""role"":""UP主""}]",1113769832,秩序丶安,36936,,"[""搞笑"",""逆天"",""四禧丸子"",""又一充电中"",""呃呃"",""神人"",""抽象"",""虚拟主播"",""整活"",""窒息感""]",搞笑|逆天|四禧丸子|又一充电中|呃呃|神人|抽象|虚拟主播|整活|窒息感,1,0,0,0,[],[],[],,http://i0.hdslb.com/bfs/archive/022924a18eb0d7df792e6eb4bd0322a29ea426f8.jpg,https://www.bilibili.com/video/BV17BEt6dEAY,2026-06-10T19:46:53+00:00,又一充电中,1,1,keyword_search:又一充电中
BV1d6Et6WEt8,116708824058464,又一被电脑卡住也要把唐毒蛇唱完,1780835545,2026-06-07T20:32:25+08:00,1780835545,227,27,2020,,30,0,0,0,0,0,2,"▷2026年6月7日晚间直播
▷又一的空间：https://space.bilibili.com/1217754423
▷又一的直播间：https://live.bilibili.com/23771092
▷欢迎关注@又一充电中 ！",1578739943,资深能不能放过这一次,[1578739943],"[{""mid"":1578739943,""name"":""资深能不能放过这一次"",""role"":""UP主""}]",1578739943,资深能不能放过这一次,245,,"[""虚拟UP主"",""直播切片"",""四禧丸子"",""又一充电中"",""唐毒蛇"",""搞笑唱歌"",""虚拟主播"",""又一2D新衣回～""]",虚拟UP主|直播切片|四禧丸子|又一充电中|唐毒蛇|搞笑唱歌|虚拟主播|又一2D新衣回～,1,0,0,0,[],[],[],,http://i2.hdslb.com/bfs/archive/3ffbe4f38107e4b1dee242829161c1b456f2d69d.png,https://www.bilibili.com/video/BV1d6Et6WEt8,2026-06-10T20:01:53+00:00,又一充电中,1,1,keyword_search:又一充电中
BV176Et6sEEz,116708824126581,【又一】夯爆了！小又快嘴快舌唱《唐·毒蛇》感觉舌头都要飞出来了！听的我气都快喘不上了！这才是音乐！,1780835474,2026-06-07T20:31:14+08:00,1780835474,150,27,2020,,3225,6,15,20,4,7,117,"恬豆发芽了 https://space.bilibili.com/1660392980/
又一充电中 https://space.bilibili.com/1217754423/
沐霂是MUMU呀 https://space.bilibili.com/1878154667/
梨安不迷路 https://space.bilibili.com/1900141897/

又一2026年6月7日20:00场",35988650,蜘蛛侠_Official,[35988650],"[{""mid"":35988650,""name"":""蜘蛛侠_Official"",""role"":""UP主""}]",35988650,蜘蛛侠_Official,9945,,"[""唱歌"",""翻唱"",""说唱"",""音乐"",""虚拟偶像"",""四禧丸子"",""又一充电中"",""唐"",""抽象"",""虚拟主播""]",唱歌|翻唱|说唱|音乐|虚拟偶像|四禧丸子|又一充电中|唐|抽象|虚拟主播,1,0,0,0,[],[],"[""音乐相关标签: 翻唱"",""音乐相关标签: 音乐""]",,http://i0.hdslb.com/bfs/archive/4cce31e7a40e7005351640b94120b116b6b29459.jpg,https://www.bilibili.com/video/BV176Et6sEEz,2026-06-10T19:46:47+00:00,又一充电中,1,1,keyword_search:又一充电中
BV1XSEt67ER3,116708790505754,【又一】小又遭到无数个“牛哇牛哇”疯狂攻击🐮也是享受到了沐霂同款待遇😆,1780834864,2026-06-07T20:21:04+08:00,1780834864,149,27,2047,,2889,4,2,25,0,0,116,"恬豆发芽了 https://space.bilibili.com/1660392980/
又一充电中 https://space.bilibili.com/1217754423/
沐霂是MUMU呀 https://space.bilibili.com/1878154667/
梨安不迷路 https://space.bilibili.com/1900141897/

又一2026年6月7日20:00场",35988650,蜘蛛侠_Official,[35988650],"[{""mid"":35988650,""name"":""蜘蛛侠_Official"",""role"":""UP主""}]",35988650,蜘蛛侠_Official,9945,,"[""逆天"",""虚拟偶像"",""搞笑"",""可爱"",""难绷"",""四禧丸子"",""又一充电中"",""抽象"",""虚拟主播"",""整活""]",逆天|虚拟偶像|搞笑|可爱|难绷|四禧丸子|又一充电中|抽象|虚拟主播|整活,1,0,0,0,[],[],[],,http://i0.hdslb.com/bfs/archive/e418ac14589f2db06282440c0cfd8eecc8fc3f8a.jpg,https://www.bilibili.com/video/BV1XSEt67ER3,2026-06-10T19:59:43+00:00,又一充电中,1,1,keyword_search:又一充电中
BV1qEEb6tEM7,116708740173074,【又一充电中】录播(无弹幕)|又一2D新衣回～-2026-06-07-20-00-08-001,1780834159,2026-06-07T20:09:19+08:00,1780834159,21991,27,2047,,20,0,0,0,0,0,8,"四禧丸子录播
这切片，到底切多快才算快~
录播（远程1）

恬豆发芽了 https://space.bilibili.com/1660392980/
又一充电中 https://space.bilibili.com/1217754423/
沐霂是MUMU呀 https://space.bilibili.com/1878154667/
梨安不迷路 https://space.bilibili.com/1900141897/",3546873990219945,愉光Omega,[3546873990219945],"[{""mid"":3546873990219945,""name"":""愉光Omega"",""role"":""UP主""}]",3546873990219945,愉光Omega,316,,"[""搞笑"",""虚拟偶像"",""虚拟UP主"",""又一"",""四禧丸子"",""沐霂"",""恬豆"",""梨安""]",搞笑|虚拟偶像|虚拟UP主|又一|四禧丸子|沐霂|恬豆|梨安,1,0,0,0,[],[],[],,http://i0.hdslb.com/bfs/archive/4e0095ecdf558aa2cb4e431f73fe6d1f2ed3cdc6.jpg,https://www.bilibili.com/video/BV1qEEb6tEM7,2026-06-10T20:21:12+00:00,又一充电中,1,1,keyword_search:又一充电中
BV1xyEb66EBU,116708454962310,偷心大盗【禧運小剧场】,1780829848,2026-06-07T18:57:28+08:00,1780829848,273,27,2047,,300,1,1,1,0,1,25,"禧运武侠江湖来啦~~
小剧场不定期更新，期待下次与您相见♪

部分素材来自网络，侵删。

恬豆发芽了 https://space.bilibili.com/1660392980/
又一充电中 https://space.bilibili.com/1217754423/
沐霂是MUMU呀 https://space.bilibili.com/1878154667/
梨安不迷路 https://space.bilibili.com/1900141897/",128977,腹黑面包,[128977],"[{""mid"":128977,""name"":""腹黑面包"",""role"":""UP主""}]",128977,腹黑面包,195,,"[""虚拟偶像"",""四禧丸子"",""沐霂"",""恬豆"",""又一充电中"",""禧運小剧场"",""梨安"",""又一次怦然心动""]",虚拟偶像|四禧丸子|沐霂|恬豆|又一充电中|禧運小剧场|梨安|又一次怦然心动,0,0,1,8,"[""平台声明: 平台或文本明确标注含AI生成内容"",""平台声明: 文本说明AI参与内容制作""]",[],[],含AI生成内容,http://i1.hdslb.com/bfs/archive/69a9c36eace1a3b12f06c3953450b1398bb55260.jpg,https://www.bilibili.com/video/BV1xyEb66EBU,2026-06-10T20:10:29+00:00,又一充电中,1,1,keyword_search:又一充电中
BV1B5E46pEBa,116707884539806,Lovely Magic Show[Ai动画短篇],1780826400,2026-06-07T18:00:00+08:00,1780821185,91,252,2006,,137,0,1,0,2,1,8,"魔术师：@东爱璃Lovely 
助手：@伊万酱哒油 ＆@牧牧白miiu 
特别助手：@沐霂是MUMU呀 

特别来宾在观众席里
@宣小纸不怕火 （左1），@又一充电中 （右1）",25191,七轉聆音,[25191],"[{""mid"":25191,""name"":""七轉聆音"",""role"":""UP主""}]",25191,七轉聆音,248,,"[""魔法"",""东爱璃lovely"",""又一充电中"",""沐霂是mumu呀"",""牧牧白miiu"",""宣小纸不怕火"",""伊万酱哒油"",""虚拟主播"",""AI生成""]",魔法|东爱璃lovely|又一充电中|沐霂是mumu呀|牧牧白miiu|宣小纸不怕火|伊万酱哒油|虚拟主播|AI生成,1,0,1,15,"[""平台声明: 平台或文本明确标注含AI生成内容"",""平台声明: 文本说明AI参与内容制作"",""标题: 文本说明AI参与内容制作"",""标题: 标题或标签以AI标记开头"",""标签: 文本说明AI参与内容制作""]",[],[],含AI生成内容,http://i0.hdslb.com/bfs/archive/75c8073882c21963f954a6d6bd96ea0aa48cc84c.jpg,https://www.bilibili.com/video/BV1B5E46pEBa,2026-06-10T19:49:24+00:00,又一充电中,1,1,keyword_search:又一充电中
BV1oqEx6mEzU,116708018753868,【沐霂】牛哥透露mixup的大家都叫自己前辈，至于谁叫没记住，但是谁没叫记得一清二楚！地三鲜当我面求教三理粤语沐霂念作哞哞，皮痒了！栞栞嗓门很大，一下就认出来了,1780823179,2026-06-07T17:06:19+08:00,1780823179,120,27,2047,,2698,0,3,26,2,2,113,"恬豆发芽了 https://space.bilibili.com/1660392980/
又一充电中 https://space.bilibili.com/1217754423/
沐霂是MUMU呀 https://space.bilibili.com/1878154667/
梨安不迷路 https://space.bilibili.com/1900141897/

沐霂2026年6月7日15:00场",35988650,蜘蛛侠_Official,[35988650],"[{""mid"":35988650,""name"":""蜘蛛侠_Official"",""role"":""UP主""}]",35988650,蜘蛛侠_Official,9945,,"[""虚拟偶像"",""搞笑"",""四禧丸子"",""沐霂"",""恬豆"",""又一充电中"",""串子"",""梨安"",""栞栞"",""三理""]",虚拟偶像|搞笑|四禧丸子|沐霂|恬豆|又一充电中|串子|梨安|栞栞|三理,0,0,0,0,[],[],[],,http://i1.hdslb.com/bfs/archive/e2a1d61876805fe7033491df724dd715ec285bea.jpg,https://www.bilibili.com/video/BV1oqEx6mEzU,2026-06-10T20:07:18+00:00,又一充电中,1,1,keyword_search:又一充电中
BV1kME464ETG,116707683211245,【沐霂】在我休息期间地三鲜和二创都特别狂啊！黑屁二创的像喷井似的迸发一个接一个，看来是平时被我压制了都不敢发，趁我不在就发泄似的发是吧！,1780818673,2026-06-07T15:51:13+08:00,1780818673,117,27,2047,,2272,0,4,13,0,0,73,"恬豆发芽了 https://space.bilibili.com/1660392980/
又一充电中 https://space.bilibili.com/1217754423/
沐霂是MUMU呀 https://space.bilibili.com/1878154667/
梨安不迷路 https://space.bilibili.com/1900141897/

沐霂2026年6月7日15:00场",35988650,蜘蛛侠_Official,[35988650],"[{""mid"":35988650,""name"":""蜘蛛侠_Official"",""role"":""UP主""}]",35988650,蜘蛛侠_Official,9945,,"[""搞笑"",""虚拟偶像"",""难绷"",""四禧丸子"",""沐霂"",""恬豆"",""又一充电中"",""梨安"",""虚拟主播"",""整活""]",搞笑|虚拟偶像|难绷|四禧丸子|沐霂|恬豆|又一充电中|梨安|虚拟主播|整活,1,0,0,0,[],[],[],,http://i1.hdslb.com/bfs/archive/4ad94702f2047b8f4cb176e6249bffaf0b28dfc1.jpg,https://www.bilibili.com/video/BV1kME464ETG,2026-06-10T20:04:52+00:00,又一充电中,1,1,keyword_search:又一充电中
BV1xkE46PE4m,116707649655261,【沐霂】细聊和泽音睡觉的事情，俩人拉着窗帘偷偷在被窝聊天，聊着聊着突然就断片了直接睡觉😴还看到又一说泽音直播间令人害羞，我感觉没啥🤨牛哥天天高强度刷切片,1780817647,2026-06-07T15:34:07+08:00,1780817647,182,27,2047,,8585,7,21,80,0,6,257,"恬豆发芽了 https://space.bilibili.com/1660392980/
又一充电中 https://space.bilibili.com/1217754423/
沐霂是MUMU呀 https://space.bilibili.com/1878154667/
梨安不迷路 https://space.bilibili.com/1900141897/

沐霂2026年6月7日15:00场",35988650,蜘蛛侠_Official,[35988650],"[{""mid"":35988650,""name"":""蜘蛛侠_Official"",""role"":""UP主""}]",35988650,蜘蛛侠_Official,9945,,"[""搞笑"",""虚拟偶像"",""可爱"",""四禧丸子"",""沐霂"",""又一充电中"",""泽音"",""甜甜甜"",""虚拟主播"",""整活""]",搞笑|虚拟偶像|可爱|四禧丸子|沐霂|又一充电中|泽音|甜甜甜|虚拟主播|整活,1,0,0,0,[],[],[],,http://i0.hdslb.com/bfs/archive/b4667ae7cef934b754612b349997b203577f283c.jpg,https://www.bilibili.com/video/BV1xkE46PE4m,2026-06-10T20:10:25+00:00,又一充电中,1,1,keyword_search:又一充电中
BV14zE46KE8o,116707616101594,【沐霂】向地三鲜宣战！我看到了她们最近疯狂串我，等我回去一个个算账！洗干净等着吧！,1780817128,2026-06-07T15:25:28+08:00,1780817128,38,27,2047,,12929,0,54,70,6,2,433,"恬豆发芽了 https://space.bilibili.com/1660392980/
又一充电中 https://space.bilibili.com/1217754423/
沐霂是MUMU呀 https://space.bilibili.com/1878154667/
梨安不迷路 https://space.bilibili.com/1900141897/

沐霂2026年6月7日15:00场",35988650,蜘蛛侠_Official,[35988650],"[{""mid"":35988650,""name"":""蜘蛛侠_Official"",""role"":""UP主""}]",35988650,蜘蛛侠_Official,9945,,"[""虚拟偶像"",""搞笑"",""四禧丸子"",""沐霂"",""恬豆"",""又一充电中"",""秋后算账"",""梨安"",""虚拟主播"",""整活""]",虚拟偶像|搞笑|四禧丸子|沐霂|恬豆|又一充电中|秋后算账|梨安|虚拟主播|整活,1,0,0,0,[],[],[],,http://i2.hdslb.com/bfs/archive/7cac5b541313e375b7737f5cc85d09ac8a4e888e.jpg,https://www.bilibili.com/video/BV14zE46KE8o,2026-06-10T19:46:08+00:00,又一充电中,1,1,keyword_search:又一充电中
BV1DkEW6iEee,116705049186108,【又一充电中】 🎵Normal No More哈基米🎵  翻唱,1780777812,2026-06-07T04:30:12+08:00,1780777812,196,31,2020,,1625,0,46,67,92,16,303,"建议戴上耳机闭上眼     品味最纯正的惊世音乐

25年又一生日会总督定制",4679401,白石家マヨネーズ,[4679401],"[{""mid"":4679401,""name"":""白石家マヨネーズ"",""role"":""UP主""}]",4679401,白石家マヨネーズ,92,,"[""翻唱"",""VTuber"",""四禧丸子"",""又一充电中"",""虚拟主播"",""哈基米"",""奥术魔刃""]",翻唱|VTuber|四禧丸子|又一充电中|虚拟主播|哈基米|奥术魔刃,1,0,0,0,[],[],"[""音乐相关标签: 翻唱""]",,http://i0.hdslb.com/bfs/archive/13fc174bb52892c8fcd4e099a8b1546853a077bf.jpg,https://www.bilibili.com/video/BV1DkEW6iEee,2026-06-10T19:50:50+00:00,又一充电中,1,1,keyword_search:又一充电中
BV1paEn62Eaq,116703103028833,【星瞳】线下演唱会四禧丸子祝福片段（音频版）,1780748149,2026-06-06T20:15:49+08:00,1780748149,37,27,2047,,5430,0,20,21,2,2,212,"星瞳_Official https://space.bilibili.com/401315430/
恬豆发芽了 https://space.bilibili.com/1660392980/
梨安不迷路 https://space.bilibili.com/1900141897/
又一充电中 https://space.bilibili.com/1217754423/
沐霂是MUMU呀 https://space.bilibili.com/1878154667/
2026.06.06星瞳线下演唱会直播剪辑",1113769832,秩序丶安,[1113769832],"[{""mid"":1113769832,""name"":""秩序丶安"",""role"":""UP主""}]",1113769832,秩序丶安,36936,,"[""四禧丸子"",""沐霂"",""恬豆"",""又一充电中"",""红事集团"",""加油"",""祝福"",""星瞳"",""梨安"",""虚拟主播""]",四禧丸子|沐霂|恬豆|又一充电中|红事集团|加油|祝福|星瞳|梨安|虚拟主播,1,0,0,0,[],[],[],,http://i1.hdslb.com/bfs/archive/5113e8bff7614265edf688777e6cd584da20645b.jpg,https://www.bilibili.com/video/BV1paEn62Eaq,2026-06-10T20:07:54+00:00,又一充电中,1,1,keyword_search:又一充电中
BV1Ni7D6YENe,116702767613532,【南町Nightin】四禧丸子谁最聪明，我感觉是又一吧！弹幕：怎么没人猜是恬豆？南町：豆豆...嗯...哈哈😃懂你意思,1780743028,2026-06-06T18:50:28+08:00,1780743028,85,27,2047,,4391,12,40,45,4,2,210,"南町Nightin https://space.bilibili.com/1329085897/
恬豆发芽了 https://space.bilibili.com/1660392980/
梨安不迷路 https://space.bilibili.com/1900141897/
又一充电中 https://space.bilibili.com/1217754423/
沐霂是MUMU呀 https://space.bilibili.com/1878154667/
2026.06.05南町直播剪辑",1113769832,秩序丶安,[1113769832],"[{""mid"":1113769832,""name"":""秩序丶安"",""role"":""UP主""}]",1113769832,秩序丶安,36936,,"[""搞笑"",""四禧丸子"",""沐霂"",""恬豆"",""又一充电中"",""南町"",""mixup彩排"",""梨安"",""虚拟主播"",""整活""]",搞笑|四禧丸子|沐霂|恬豆|又一充电中|南町|mixup彩排|梨安|虚拟主播|整活,1,0,0,0,[],[],[],,http://i1.hdslb.com/bfs/archive/bb4e8196f78ca9eb5dcf137e10a9ec27417e3893.jpg,https://www.bilibili.com/video/BV1Ni7D6YENe,2026-06-10T19:55:54+00:00,又一充电中,1,1,keyword_search:又一充电中
BV1cs7Q6fED9,116702230617857,【又一歌】听海、麦浪、沙滩、有梦好甜蜜 2026-06-05 21:00,1780735058,2026-06-06T16:37:38+08:00,1780735058,965,31,2020,,320,0,4,5,3,0,11,"又一充电中 https://space.bilibili.com/1217754423/
播客喵 http://music.163.com/radio?id=1222590525 收藏喵
2026-06-05 21:00",36465956,普通小又不吃大果,[36465956],"[{""mid"":36465956,""name"":""普通小又不吃大果"",""role"":""UP主""}]",36465956,普通小又不吃大果,363,,"[""音乐"",""虚拟偶像"",""翻唱"",""虚拟UP主"",""直播录像"",""又一"",""四禧丸子"",""又一充电中"",""切片"",""虚拟主播""]",音乐|虚拟偶像|翻唱|虚拟UP主|直播录像|又一|四禧丸子|又一充电中|切片|虚拟主播,1,0,0,0,[],[],"[""音乐相关标签: 音乐"",""音乐相关标签: 翻唱""]",,http://i1.hdslb.com/bfs/archive/6335165d98601b9e885be8a5b409f1dd1efaef7e.jpg,https://www.bilibili.com/video/BV1cs7Q6fED9,2026-06-10T20:01:45+00:00,又一充电中,1,1,keyword_search:又一充电中
BV1bM7Q66Eqb,116702146791191,【恬豆】看又一指导的《恬豆你很臭》牢豆急了💢晚上我要和又一打一架😡有没有恬豆包做个《又一你很臭》反击一下😤,1780733484,2026-06-06T16:11:24+08:00,1780733484,90,27,2047,,8717,1,8,56,0,0,274,"恬豆发芽了 https://space.bilibili.com/1660392980/
梨安不迷路 https://space.bilibili.com/1900141897/
又一充电中 https://space.bilibili.com/1217754423/
沐霂是MUMU呀 https://space.bilibili.com/1878154667/
2026.06.06直播剪辑",1113769832,秩序丶安,[1113769832],"[{""mid"":1113769832,""name"":""秩序丶安"",""role"":""UP主""}]",1113769832,秩序丶安,36936,,"[""搞笑"",""四禧丸子"",""恬豆"",""又一充电中"",""你很臭啊"",""抽象"",""急了"",""虚拟主播"",""懂你意思"",""整活""]",搞笑|四禧丸子|恬豆|又一充电中|你很臭啊|抽象|急了|虚拟主播|懂你意思|整活,1,0,0,0,[],[],[],,http://i2.hdslb.com/bfs/archive/53e571cbde67d2a66b1d771c2cb9dbdb2b2e4ce3.jpg,https://www.bilibili.com/video/BV1bM7Q66Eqb,2026-06-10T20:01:08+00:00,又一充电中,1,1,keyword_search:又一充电中
BV1GP7Q6VExo,116702129952258,【恬豆】看又一指导酥酥又做的黑屁自己二创《你好臭啊》看怒了，下达命令要求粉丝也做个同样的回击她😈今晚要和又一打一架！,1780733205,2026-06-06T16:06:45+08:00,1780733205,110,27,2047,,2245,0,1,15,0,0,86,"恬豆发芽了 https://space.bilibili.com/1660392980/
又一充电中 https://space.bilibili.com/1217754423/
沐霂是MUMU呀 https://space.bilibili.com/1878154667/
梨安不迷路 https://space.bilibili.com/1900141897/

恬豆2026年6月6日14:00场",35988650,蜘蛛侠_Official,[35988650],"[{""mid"":35988650,""name"":""蜘蛛侠_Official"",""role"":""UP主""}]",35988650,蜘蛛侠_Official,9945,,"[""搞笑"",""虚拟偶像"",""难绷"",""四禧丸子"",""恬豆"",""又一充电中"",""夫妻之间的小情趣"",""串子"",""黑屁"",""虚拟主播""]",搞笑|虚拟偶像|难绷|四禧丸子|恬豆|又一充电中|夫妻之间的小情趣|串子|黑屁|虚拟主播,1,0,0,0,[],[],[],,http://i0.hdslb.com/bfs/archive/8d094485fd3e228a18bec44c1a49f85445f32314.jpg,https://www.bilibili.com/video/BV1GP7Q6VExo,2026-06-10T19:52:15+00:00,又一充电中,1,1,keyword_search:又一充电中
BV1Q17Q65ERc,116702012511264,【恬豆】今晚又一来我家一起看电视😋弹幕：不是说今晚去参加星瞳演唱会吗🤨豆豆发现自己不小心说漏嘴后赶紧结结巴巴地找补：又一也跟我一起去，她先来找我😅懂你意思,1780731467,2026-06-06T15:37:47+08:00,1780731467,90,27,2047,,9736,4,43,47,2,6,196,"恬豆发芽了 https://space.bilibili.com/1660392980/
又一充电中 https://space.bilibili.com/1217754423/
沐霂是MUMU呀 https://space.bilibili.com/1878154667/
梨安不迷路 https://space.bilibili.com/1900141897/

恬豆2026年6月6日14:00场",35988650,蜘蛛侠_Official,[35988650],"[{""mid"":35988650,""name"":""蜘蛛侠_Official"",""role"":""UP主""}]",35988650,蜘蛛侠_Official,9945,,"[""虚拟偶像"",""搞笑"",""可爱"",""大漏勺"",""四禧丸子"",""恬豆"",""又一充电中"",""星瞳"",""虚拟主播"",""懂你意思""]",虚拟偶像|搞笑|可爱|大漏勺|四禧丸子|恬豆|又一充电中|星瞳|虚拟主播|懂你意思,1,0,0,0,[],[],[],,http://i2.hdslb.com/bfs/archive/f1bc3748cd970767c5c231942f06cd589f7604ec.jpg,https://www.bilibili.com/video/BV1Q17Q65ERc,2026-06-10T19:56:10+00:00,又一充电中,1,1,keyword_search:又一充电中
BV1R67Q6mELk,116701995734904,【SNH48曹可甜】看过这个的家里得请哈基高了。。。,1780731275,2026-06-06T15:34:35+08:00,1780731275,91,242,2011,,4329,28,20,20,6,3,89,20260604直播,3546927696186193,1014号位,[3546927696186193],"[{""mid"":3546927696186193,""name"":""1014号位"",""role"":""UP主""}]",3546927696186193,1014号位,26,,"[""SNH48"",""可爱"",""偶像"",""安利向"",""搞笑"",""又一充电中"",""曹可甜"",""哈基"",""哈基米""]",SNH48|可爱|偶像|安利向|搞笑|又一充电中|曹可甜|哈基|哈基米,0,0,0,0,[],[],[],个人观点，仅供参考,http://i2.hdslb.com/bfs/archive/a1e5b1243497d0ba70e5c7081f570aaab89629e9.jpg,https://www.bilibili.com/video/BV1R67Q6mELk,2026-06-10T19:57:13+00:00,又一充电中,1,1,keyword_search:又一充电中
BV1o47S6UEf5,116701039429815,又一出世，世界上又一美女诞生,1780716740,2026-06-06T11:32:20+08:00,1780716741,11,21,2006,,747,0,6,6,0,0,39,又一出世,694541,猫舌怪,[694541],"[{""mid"":694541,""name"":""猫舌怪"",""role"":""UP主""}]",694541,猫舌怪,128,,"[""搞笑"",""又一"",""四禧丸子"",""又一充电中"",""是"",""小视频"",""Vlog"",""又一次怦然心动""]",搞笑|又一|四禧丸子|又一充电中|是|小视频|Vlog|又一次怦然心动,0,0,1,8,"[""平台声明: 平台或文本明确标注含AI生成内容"",""平台声明: 文本说明AI参与内容制作""]",[],[],含AI生成内容,http://i2.hdslb.com/bfs/archive/65ef04616cc2731c6c4601a0653f7ee6717ac533.jpg,https://www.bilibili.com/video/BV1o47S6UEf5,2026-06-10T20:06:24+00:00,又一充电中,1,1,keyword_search:又一充电中
BV1iT7U6CE9G,116700032796475,【又一】酥又兵光速完成又神黑屁恬豆任务《你好臭啊》又神反而嫌弃画风太可爱了😒透露昨天给薯条做了个跳KPOP舞的视频😅狗宝最有虚拟感了不给你们看！,1780711500,2026-06-06T10:05:00+08:00,1780701253,79,27,2047,,6722,2,7,37,2,3,261,"又一充电中 https://space.bilibili.com/1217754423/
梨安不迷路 https://space.bilibili.com/1900141897/
恬豆发芽了 https://space.bilibili.com/1660392980/
沐霂是MUMU呀 https://space.bilibili.com/1878154667/
2026.06.05直播剪辑",1113769832,秩序丶安,[1113769832],"[{""mid"":1113769832,""name"":""秩序丶安"",""role"":""UP主""}]",1113769832,秩序丶安,36936,,"[""逆天"",""搞笑"",""四禧丸子"",""恬豆"",""又一充电中"",""你很臭啊"",""抽象"",""神人"",""虚拟主播"",""整活""]",逆天|搞笑|四禧丸子|恬豆|又一充电中|你很臭啊|抽象|神人|虚拟主播|整活,1,0,0,0,[],[],[],,http://i0.hdslb.com/bfs/archive/26b77dbcfd65fb9bfe77e44babc9e48d75d5026f.jpg,https://www.bilibili.com/video/BV1iT7U6CE9G,2026-06-10T20:03:51+00:00,又一充电中,1,1,keyword_search:又一充电中
BV1Ae726EEG5,116698640424489,【四禧丸子】唐僧骑马咚了个咚🐴🍭🐵🐷🐠,1780705200,2026-06-06T08:20:00+08:00,1780679988,62,137,2047,,480,0,9,6,5,0,74,"关注恬豆又一梨安沐霂谢谢喵

恬豆发芽了
空间 https://space.bilibili.com/1660392980
直播间 https://live.bilibili.com/23771189
又一充电中
空间 https://space.bilibili.com/1217754423
直播间 https://live.bilibili.com/23771092
梨安不迷路
空间 https://space.bilibili.com/1900141897
直播间 https://live.bilibili.com/23770996
沐霂是MUMU呀
空间 https://space.bilibili.com/1878154667
直播间 https://live.bilibili.com/23771139",4570776,臭泥猫,[4570776],"[{""mid"":4570776,""name"":""臭泥猫"",""role"":""UP主""}]",4570776,臭泥猫,239,,"[""搞笑"",""西游记"",""虚拟偶像"",""四禧丸子"",""恬豆发芽了"",""梨安不迷路"",""又一充电中"",""沐霂是MUMU呀"",""儿歌"",""抽象""]",搞笑|西游记|虚拟偶像|四禧丸子|恬豆发芽了|梨安不迷路|又一充电中|沐霂是MUMU呀|儿歌|抽象,0,0,0,0,[],[],[],,http://i1.hdslb.com/bfs/archive/1190108c858fac5ecf80672257ee3f7fdd3203c4.jpg,https://www.bilibili.com/video/BV1Ae726EEG5,2026-06-10T19:48:57+00:00,又一充电中,1,1,keyword_search:又一充电中
BV11m7m64Emq,116699982465771,【又一】深夜两点半炸出一只没睡觉的星汐Seki给又神发钢镚😲这首《有梦好甜蜜》神了🥰,1780704300,2026-06-06T08:05:00+08:00,1780700663,282,27,2020,,14028,6,80,142,10,10,612,"又一充电中 https://space.bilibili.com/1217754423/
星汐Seki https://space.bilibili.com/51030552/
梨安不迷路 https://space.bilibili.com/1900141897/
恬豆发芽了 https://space.bilibili.com/1660392980/
沐霂是MUMU呀 https://space.bilibili.com/1878154667/
2026.06.05直播剪辑",1113769832,秩序丶安,[1113769832],"[{""mid"":1113769832,""name"":""秩序丶安"",""role"":""UP主""}]",1113769832,秩序丶安,36936,,"[""翻唱"",""搞笑"",""星汐Seki"",""四禧丸子"",""又一充电中"",""抽象"",""vocal"",""虚拟主播"",""整活"",""山猪王""]",翻唱|搞笑|星汐Seki|四禧丸子|又一充电中|抽象|vocal|虚拟主播|整活|山猪王,1,0,0,0,[],[],"[""音乐相关标签: 翻唱""]",,http://i1.hdslb.com/bfs/archive/d62dba3096ea16ce6e3028e9baf5c9e1cf053cb5.jpg,https://www.bilibili.com/video/BV11m7m64Emq,2026-06-10T19:43:49+00:00,又一充电中,1,1,keyword_search:又一充电中
BV12U7m6dEKW,116699965693820,香鱼🤩啊哈哈哈哈🤪香鱼香鱼香鱼🥰又神出香鱼发狂了💃两岸袁声啼不住了😆,1780704000,2026-06-06T08:00:00+08:00,1780700294,125,27,2071,,2496,1,11,17,4,2,87,"又一充电中
https://space.bilibili.com/1217754423/
恬豆发芽了
https://space.bilibili.com/1660392980/
梨安不迷路
https://space.bilibili.com/1900141897/
沐霂是MUMU呀
https://space.bilibili.com/1878154667/",13193691,栝豆发芽了,[13193691],"[{""mid"":13193691,""name"":""栝豆发芽了"",""role"":""UP主""}]",13193691,栝豆发芽了,8473,,"[""可爱"",""搞笑"",""虚拟UP主"",""又一"",""四禧丸子"",""又一充电中""]",可爱|搞笑|虚拟UP主|又一|四禧丸子|又一充电中,1,0,0,0,[],[],[],,http://i1.hdslb.com/bfs/archive/5b1c95e91a3b3d9af69d370253cbb94cc598cf7f.jpg,https://www.bilibili.com/video/BV12U7m6dEKW,2026-06-10T19:44:40+00:00,又一充电中,1,1,keyword_search:又一充电中
BV1Co7m6nE3z,116699948912711,还有高手？又神模拟炒股50万本金血亏11万，还好当时选择了模拟😰,1780704000,2026-06-06T08:00:00+08:00,1780699985,120,27,2087,,1891,1,9,6,0,0,38,"又一充电中
https://space.bilibili.com/1217754423/
恬豆发芽了
https://space.bilibili.com/1660392980/
梨安不迷路
https://space.bilibili.com/1900141897/
沐霂是MUMU呀
https://space.bilibili.com/1878154667/",13193691,栝豆发芽了,[13193691],"[{""mid"":13193691,""name"":""栝豆发芽了"",""role"":""UP主""}]",13193691,栝豆发芽了,8473,,"[""可爱"",""搞笑"",""虚拟UP主"",""又一"",""四禧丸子"",""又一充电中""]",可爱|搞笑|虚拟UP主|又一|四禧丸子|又一充电中,1,0,0,0,[],[],[],,http://i0.hdslb.com/bfs/archive/3043fd8314197863c1ee4b77d4db7e2963b78fd0.jpg,https://www.bilibili.com/video/BV1Co7m6nE3z,2026-06-10T19:50:25+00:00,又一充电中,1,1,keyword_search:又一充电中
BV1mm7m64Evw,116699982467397,智力对了！又神补课三国选择看儿童版👶那很符合智商了😆,1780704000,2026-06-06T08:00:00+08:00,1780700495,69,27,2047,,562,0,2,2,2,0,27,"又一充电中
https://space.bilibili.com/1217754423/
恬豆发芽了
https://space.bilibili.com/1660392980/
梨安不迷路
https://space.bilibili.com/1900141897/
沐霂是MUMU呀
https://space.bilibili.com/1878154667/",13193691,栝豆发芽了,[13193691],"[{""mid"":13193691,""name"":""栝豆发芽了"",""role"":""UP主""}]",13193691,栝豆发芽了,8473,,"[""可爱"",""搞笑"",""虚拟UP主"",""又一"",""四禧丸子"",""又一充电中""]",可爱|搞笑|虚拟UP主|又一|四禧丸子|又一充电中,1,0,0,0,[],[],[],,http://i1.hdslb.com/bfs/archive/2e1e03b2682bc8e78cd2295e5e3f41ae25e10edb.jpg,https://www.bilibili.com/video/BV1mm7m64Evw,2026-06-10T20:05:43+00:00,又一充电中,1,1,keyword_search:又一充电中
BV1kR7m6QELZ,116699898579929,【又一/游戏回录播】时隔许久再次读博《竞拍之王》牢又你甘心吗🤭,1780703100,2026-06-06T07:45:00+08:00,1780699544,6867,27,2079,,1740,0,0,5,2,0,95,"又一充电中 https://space.bilibili.com/1217754423/
梨安不迷路 https://space.bilibili.com/1900141897/
恬豆发芽了 https://space.bilibili.com/1660392980/
沐霂是MUMU呀 https://space.bilibili.com/1878154667/
2026.06.05直播剪辑",1113769832,秩序丶安,[1113769832],"[{""mid"":1113769832,""name"":""秩序丶安"",""role"":""UP主""}]",1113769832,秩序丶安,36936,,"[""逆天"",""搞笑"",""四禧丸子"",""又一充电中"",""竞拍之王"",""抽象"",""读博"",""虚拟主播"",""赌狗"",""整活""]",逆天|搞笑|四禧丸子|又一充电中|竞拍之王|抽象|读博|虚拟主播|赌狗|整活,1,0,0,0,[],[],[],,http://i2.hdslb.com/bfs/archive/69292093b4b710282bd1ddef5b1842cc89c2799f.jpg,https://www.bilibili.com/video/BV1kR7m6QELZ,2026-06-10T20:04:57+00:00,又一充电中,1,1,keyword_search:又一充电中
BV14p726REn5,116699026164253,又一把《有梦好甜蜜》唱成了夏夜晚安曲,1780685986,2026-06-06T02:59:46+08:00,1780685986,245,27,2020,,44,0,1,0,0,0,9,"▷2026年6月5日凌晨直播
▷又一的空间：https://space.bilibili.com/1217754423
▷又一的直播间：https://live.bilibili.com/23771092
▷欢迎关注@又一充电中 ！",1578739943,资深能不能放过这一次,[1578739943],"[{""mid"":1578739943,""name"":""资深能不能放过这一次"",""role"":""UP主""}]",1578739943,资深能不能放过这一次,245,,"[""虚拟UP主"",""又一"",""直播切片"",""唱歌切片"",""四禧丸子"",""又一充电中"",""有梦好甜蜜"",""晚安曲"",""虚拟主播"",""攒攒家产～""]",虚拟UP主|又一|直播切片|唱歌切片|四禧丸子|又一充电中|有梦好甜蜜|晚安曲|虚拟主播|攒攒家产～,1,0,0,0,[],[],[],,http://i1.hdslb.com/bfs/archive/1468eebc53c4d95ab680ad27fd352e05f1566daf.png,https://www.bilibili.com/video/BV14p726REn5,2026-06-10T19:46:03+00:00,又一充电中,1,1,keyword_search:又一充电中
BV1st726HEgX,116698975832692,又一嗓子恢复后重唱麦浪太甜了,1780685273,2026-06-06T02:47:53+08:00,1780685274,199,27,2020,,77,0,0,3,0,0,8,"▷2026年6月5日凌晨直播
▷又一的空间：https://space.bilibili.com/1217754423
▷又一的直播间：https://live.bilibili.com/23771092
▷欢迎关注@又一充电中 ！",1578739943,资深能不能放过这一次,[1578739943],"[{""mid"":1578739943,""name"":""资深能不能放过这一次"",""role"":""UP主""}]",1578739943,资深能不能放过这一次,245,,"[""虚拟UP主"",""直播切片"",""四禧丸子"",""又一充电中"",""麦浪"",""直播唱歌"",""虚拟主播"",""攒攒家产～""]",虚拟UP主|直播切片|四禧丸子|又一充电中|麦浪|直播唱歌|虚拟主播|攒攒家产～,1,0,0,0,[],[],[],,http://i1.hdslb.com/bfs/archive/cc2fbbd1289cd51448a3c21eb5054a6262119e41.png,https://www.bilibili.com/video/BV1st726HEgX,2026-06-10T20:09:32+00:00,又一充电中,1,1,keyword_search:又一充电中
BV1aG726aEgN,116698942277830,又一翻唱《听海》唱到海风都变温柔了,1780684871,2026-06-06T02:41:11+08:00,1780684871,270,27,2020,,100,0,0,5,0,0,12,"▷2026年6月5日凌晨直播
▷又一的空间：https://space.bilibili.com/1217754423
▷又一的直播间：https://live.bilibili.com/23771092
▷欢迎关注@又一充电中 ！",1578739943,资深能不能放过这一次,[1578739943],"[{""mid"":1578739943,""name"":""资深能不能放过这一次"",""role"":""UP主""}]",1578739943,资深能不能放过这一次,245,,"[""翻唱"",""虚拟UP主"",""直播切片"",""四禧丸子"",""又一充电中"",""听海"",""虚拟主播"",""攒攒家产～""]",翻唱|虚拟UP主|直播切片|四禧丸子|又一充电中|听海|虚拟主播|攒攒家产～,1,0,0,0,[],[],"[""音乐相关标签: 翻唱""]",,http://i2.hdslb.com/bfs/archive/ec58163c45c7c2cd146ff7cbdee853d23ce405a9.png,https://www.bilibili.com/video/BV1aG726aEgN,2026-06-10T20:00:29+00:00,又一充电中,1,1,keyword_search:又一充电中
BV1eu726eEAh,116698908722899,又一小时候学游泳一路狗刨到终点也太有画面了,1780684377,2026-06-06T02:32:57+08:00,1780684377,273,27,2047,,39,0,0,0,0,0,6,"▷2026年6月5日凌晨直播
▷又一的空间：https://space.bilibili.com/1217754423
▷又一的直播间：https://live.bilibili.com/23771092
▷欢迎关注@又一充电中 ！",1578739943,资深能不能放过这一次,[1578739943],"[{""mid"":1578739943,""name"":""资深能不能放过这一次"",""role"":""UP主""}]",1578739943,资深能不能放过这一次,245,,"[""游泳"",""杂谈"",""直播切片"",""四禧丸子"",""又一充电中"",""童年故事"",""虚拟主播"",""攒攒家产～""]",游泳|杂谈|直播切片|四禧丸子|又一充电中|童年故事|虚拟主播|攒攒家产～,1,0,0,0,[],[],[],,http://i1.hdslb.com/bfs/archive/2a13ad423276cc14412b59bdb7e4242aa0c3569a.png,https://www.bilibili.com/video/BV1eu726eEAh,2026-06-10T20:02:40+00:00,又一充电中,1,1,keyword_search:又一充电中
BV1tJ726oEWz,116698858392843,又一认真解释什么叫红漆马桶越解释越像新型羞辱,1780683346,2026-06-06T02:15:46+08:00,1780683347,118,27,2047,,39,0,0,1,0,0,5,"▷2026年6月5日凌晨直播
▷又一的空间：https://space.bilibili.com/1217754423
▷又一的直播间：https://live.bilibili.com/23771092
▷欢迎关注@又一充电中 ！",1578739943,资深能不能放过这一次,[1578739943],"[{""mid"":1578739943,""name"":""资深能不能放过这一次"",""role"":""UP主""}]",1578739943,资深能不能放过这一次,245,,"[""憨豆先生"",""搞笑"",""杂谈"",""直播切片"",""四禧丸子"",""又一充电中"",""虚拟主播"",""攒攒家产～"",""红漆马桶""]",憨豆先生|搞笑|杂谈|直播切片|四禧丸子|又一充电中|虚拟主播|攒攒家产～|红漆马桶,1,0,0,0,[],[],[],,http://i1.hdslb.com/bfs/archive/cd548c4fbe68908100ab4079a81fa36419f85e7d.png,https://www.bilibili.com/video/BV1tJ726oEWz,2026-06-10T20:09:36+00:00,又一充电中,1,1,keyword_search:又一充电中
BV1jy7266E7i,116698589956670,又一看错价格差点裂开 结果真把香鱼求出来了,1780679337,2026-06-06T01:08:57+08:00,1780679337,160,65,2071,,484,1,1,2,0,0,14,"▷2026年6月5日凌晨直播
▷又一的空间：https://space.bilibili.com/1217754423
▷又一的直播间：https://live.bilibili.com/23771092
▷欢迎关注@又一充电中 ！",1578739943,资深能不能放过这一次,[1578739943],"[{""mid"":1578739943,""name"":""资深能不能放过这一次"",""role"":""UP主""}]",1578739943,资深能不能放过这一次,245,,"[""游戏实况"",""项羽"",""又一"",""直播切片"",""四禧丸子"",""又一充电中"",""拍卖"",""欧气时刻"",""虚拟主播""]",游戏实况|项羽|又一|直播切片|四禧丸子|又一充电中|拍卖|欧气时刻|虚拟主播,1,0,0,0,[],[],[],,http://i1.hdslb.com/bfs/archive/14189b152be18025bc4ec4e1861f379ffd3e6ceb.png,https://www.bilibili.com/video/BV1jy7266E7i,2026-06-10T20:04:37+00:00,又一充电中,1,1,keyword_search:又一充电中
BV1of7C6YEWs,116698522913601,【又一】恬豆，你很臭啊！！,1780678219,2026-06-06T00:50:19+08:00,1780678219,28,21,2037,,11250,2,24,53,37,4,404,"又一点餐
感谢@zzzyarp  的分镜图

又一充电中 https://space.bilibili.com/1217754423/",3264747,就打德就打德,[3264747],"[{""mid"":3264747,""name"":""就打德就打德"",""role"":""UP主""}]",3264747,就打德就打德,94,,"[""又一"",""四禧丸子"",""恬豆"",""恬豆发芽了"",""又一充电中"",""你很臭啊"",""虚拟主播"",""虚拟up"",""vtuber"",""又一次怦然心动""]",又一|四禧丸子|恬豆|恬豆发芽了|又一充电中|你很臭啊|虚拟主播|虚拟up|vtuber|又一次怦然心动,1,0,0,0,[],[],[],,http://i2.hdslb.com/bfs/archive/8af0f10234c9650f5874145cb9f4326afb51f1da.jpg,https://www.bilibili.com/video/BV1of7C6YEWs,2026-06-10T20:07:08+00:00,又一充电中,1,1,keyword_search:又一充电中
BV1kU7C6gEMZ,116698304743063,【又一充电中】攒攒家产～-直播录播弹幕版-2026.06.05,1780677644,2026-06-06T00:40:44+08:00,1780677645,20919,27,2047,,303,0,0,1,0,0,14,"又一充电中直播录播
欢迎关注四禧丸子：
又一充电中：https://space.bilibili.com/1217754423
沐霂是MUMU呀：https://space.bilibili.com/1878154667
恬豆发芽了：https://space.bilibili.com/1660392980
梨安不迷路：https://space.bilibili.com/1900141897
录播机自动上传，受网络波动、录播软件抽风、卡审核等原因，可能偶尔出现迷之分P、分P之间缺了几分钟的情况，先给大家跪了OJL",1497560529,丸子弹幕版录播机,[1497560529],"[{""mid"":1497560529,""name"":""丸子弹幕版录播机"",""role"":""UP主""}]",1497560529,丸子弹幕版录播机,966,,"[""直播"",""录播"",""又一"",""四禧丸子"",""又一充电中""]",直播|录播|又一|四禧丸子|又一充电中,0,0,0,0,[],[],[],,http://i2.hdslb.com/bfs/archive/b1c307d791863252dbbd8c1167d21b6d8ec99f31.jpg,https://www.bilibili.com/video/BV1kU7C6gEMZ,2026-06-10T20:05:24+00:00,又一充电中,1,1,keyword_search:又一充电中
BV1CC7C6CE2i,116698355077046,【又一】地三鲜我都敢串，但是不敢串泽音😥她经常说虎狼之词羞死人了🥵害怕！,1780675779,2026-06-06T00:09:39+08:00,1780675779,99,27,2047,,18310,1,43,129,1,13,485,"又一充电中 https://space.bilibili.com/1217754423/
泽音Melody https://space.bilibili.com/1203217682/
梨安不迷路 https://space.bilibili.com/1900141897/
恬豆发芽了 https://space.bilibili.com/1660392980/
沐霂是MUMU呀 https://space.bilibili.com/1878154667/
2026.06.05直播剪辑",1113769832,秩序丶安,[1113769832],"[{""mid"":1113769832,""name"":""秩序丶安"",""role"":""UP主""}]",1113769832,秩序丶安,36936,,"[""搞笑"",""逆天"",""四禧丸子"",""又一充电中"",""泽音"",""抽象"",""虚拟主播"",""懂你意思"",""整活"",""下头""]",搞笑|逆天|四禧丸子|又一充电中|泽音|抽象|虚拟主播|懂你意思|整活|下头,1,0,0,0,[],[],[],,http://i1.hdslb.com/bfs/archive/16cf70972d8f78d748592e149c1ba14dde1b4997.jpg,https://www.bilibili.com/video/BV1CC7C6CE2i,2026-06-10T19:50:21+00:00,又一充电中,1,1,keyword_search:又一充电中
BV1kU7C6gESn,116698304749539,【又一】敢串队友就是不敢串泽音，音音直播间都是些虎狼之词，一进她直播间就给我羞的小脸通红🥵,1780675057,2026-06-05T23:57:37+08:00,1780675058,84,27,2047,,3723,0,15,23,2,1,154,"恬豆发芽了 https://space.bilibili.com/1660392980/
又一充电中 https://space.bilibili.com/1217754423/
沐霂是MUMU呀 https://space.bilibili.com/1878154667/
梨安不迷路 https://space.bilibili.com/1900141897/

又一2026年6月5日21:00场",35988650,蜘蛛侠_Official,[35988650],"[{""mid"":35988650,""name"":""蜘蛛侠_Official"",""role"":""UP主""}]",35988650,蜘蛛侠_Official,9945,,"[""虚拟偶像"",""逆天"",""搞笑"",""四禧丸子"",""又一充电中"",""泽音"",""抽象"",""压抑"",""虚拟主播"",""整活""]",虚拟偶像|逆天|搞笑|四禧丸子|又一充电中|泽音|抽象|压抑|虚拟主播|整活,1,0,0,0,[],[],[],,http://i2.hdslb.com/bfs/archive/c904ef3d6d2d1942c7a0c2db1d3dd659a77f5ce9.jpg,https://www.bilibili.com/video/BV1kU7C6gESn,2026-06-10T20:05:29+00:00,又一充电中,1,1,keyword_search:又一充电中
BV1kS7C6zErH,116698287969794,回,1780674576,2026-06-05T23:49:36+08:00,1780674576,21,27,2041,,1123,0,10,6,2,1,88,,20863585,湊-阿库娅Officia1,[20863585],"[{""mid"":20863585,""name"":""湊-阿库娅Officia1"",""role"":""UP主""}]",20863585,湊-阿库娅Officia1,571,,"[""又一充电中""]",又一充电中,0,0,0,0,[],[],[],,http://i1.hdslb.com/bfs/archive/a227c2b7ac5ea6939ded2c913a0c443f28c696ca.jpg,https://www.bilibili.com/video/BV1kS7C6zErH,2026-06-10T20:05:19+00:00,又一充电中,1,1,keyword_search:又一充电中
BV12n7y6EEcx,116698220924812,又一点开这段比较帅短片后彻底绷不住了,1780674448,2026-06-05T23:47:28+08:00,1780674448,169,27,2047,,282,0,0,0,0,1,9,"▷2026年6月5日晚间直播
▷又一的空间：https://space.bilibili.com/1217754423
▷又一的直播间：https://live.bilibili.com/23771092
▷欢迎关注@又一充电中 ！",1578739943,资深能不能放过这一次,[1578739943],"[{""mid"":1578739943,""name"":""资深能不能放过这一次"",""role"":""UP主""}]",1578739943,资深能不能放过这一次,245,,"[""整活视频"",""直播切片"",""四禧丸子"",""又一充电中"",""后面那个比较帅"",""虚拟主播"",""锐评"",""攒攒家产～""]",整活视频|直播切片|四禧丸子|又一充电中|后面那个比较帅|虚拟主播|锐评|攒攒家产～,1,0,0,0,[],[],[],,http://i0.hdslb.com/bfs/archive/acd3b80f7ffebb688ebc8bf89505e41208a8daad.png,https://www.bilibili.com/video/BV12n7y6EEcx,2026-06-10T19:45:03+00:00,又一充电中,1,1,keyword_search:又一充电中
BV14n7y6EEum,116698220857163,【又一】难绷笙歌开始以为自己是文静姐，第三天本性暴露成猴了🐵又：塔神我承认你是御姐，你也承认我是文静姐吧🥴,1780673650,2026-06-05T23:34:10+08:00,1780673650,179,27,2047,,9973,7,43,74,4,4,358,"又一充电中 https://space.bilibili.com/1217754423/
帅比笙歌超可爱OvO https://space.bilibili.com/15641218/
梨安不迷路 https://space.bilibili.com/1900141897/
恬豆发芽了 https://space.bilibili.com/1660392980/
沐霂是MUMU呀 https://space.bilibili.com/1878154667/
2026.06.05直播剪辑",1113769832,秩序丶安,[1113769832],"[{""mid"":1113769832,""name"":""秩序丶安"",""role"":""UP主""}]",1113769832,秩序丶安,36936,,"[""搞笑"",""逆天"",""四禧丸子"",""又一充电中"",""抽象"",""商业互吹"",""塔神"",""虚拟主播"",""懂你意思"",""整活""]",搞笑|逆天|四禧丸子|又一充电中|抽象|商业互吹|塔神|虚拟主播|懂你意思|整活,1,0,0,0,[],[],[],,http://i2.hdslb.com/bfs/archive/3872d6689e8d602604ac2ba2d94e416dca210538.jpg,https://www.bilibili.com/video/BV14n7y6EEum,2026-06-10T19:45:54+00:00,又一充电中,1,1,keyword_search:又一充电中
BV1A47y6LEoV,116698153880412,【又一】嘉欣又一玩轮滑装杯，结果迎面栽倒地脸部毁容了😰,1780673352,2026-06-05T23:29:12+08:00,1780673353,477,27,2047,,9372,6,29,59,2,3,254,"又一充电中 https://space.bilibili.com/1217754423/
梨安不迷路 https://space.bilibili.com/1900141897/
恬豆发芽了 https://space.bilibili.com/1660392980/
沐霂是MUMU呀 https://space.bilibili.com/1878154667/
2026.06.05直播剪辑",1113769832,秩序丶安,[1113769832],"[{""mid"":1113769832,""name"":""秩序丶安"",""role"":""UP主""}]",1113769832,秩序丶安,36936,,"[""逆天"",""搞笑"",""四禧丸子"",""又一充电中"",""已老实"",""毁容"",""抽象"",""嘉欣"",""虚拟主播"",""整活""]",逆天|搞笑|四禧丸子|又一充电中|已老实|毁容|抽象|嘉欣|虚拟主播|整活,1,0,0,0,[],[],[],,http://i1.hdslb.com/bfs/archive/e6318e7c6329860e15d432080673905983cb067a.jpg,https://www.bilibili.com/video/BV1A47y6LEoV,2026-06-10T19:48:35+00:00,又一充电中,1,1,keyword_search:又一充电中
BV1kt7y6CE2K,116698204146439,又一被当场认证像猴 线下反差把人听懵了,1780673343,2026-06-05T23:29:03+08:00,1780673344,94,27,2047,,265,0,0,1,0,0,9,"▷2026年6月5日晚间直播
▷又一的空间：https://space.bilibili.com/1217754423
▷又一的直播间：https://live.bilibili.com/23771092
▷欢迎关注@又一充电中 ！",1578739943,资深能不能放过这一次,[1578739943],"[{""mid"":1578739943,""name"":""资深能不能放过这一次"",""role"":""UP主""}]",1578739943,资深能不能放过这一次,245,,"[""杂谈"",""直播切片"",""四禧丸子"",""又一充电中"",""线下反差"",""虚拟主播"",""攒攒家产～"",""录播锐评""]",杂谈|直播切片|四禧丸子|又一充电中|线下反差|虚拟主播|攒攒家产～|录播锐评,1,0,0,0,[],[],[],,http://i1.hdslb.com/bfs/archive/11ead3711e272fb3bece4f7b0bf33dbe1e17951a.png,https://www.bilibili.com/video/BV1kt7y6CE2K,2026-06-10T20:05:33+00:00,又一充电中,1,1,keyword_search:又一充电中
BV1aK7y6ZEQE,116698103418201,又一看丑衣服盲盒被穿成秀场直接改观了,1780671976,2026-06-05T23:06:16+08:00,1780671976,223,27,2114,,246,1,1,1,0,0,3,"▷2026年6月5日晚间直播
▷又一的空间：https://space.bilibili.com/1217754423
▷又一的直播间：https://live.bilibili.com/23771092
▷欢迎关注@又一充电中 ！",1578739943,资深能不能放过这一次,[1578739943],"[{""mid"":1578739943,""name"":""资深能不能放过这一次"",""role"":""UP主""}]",1578739943,资深能不能放过这一次,245,,"[""反应"",""穿搭"",""直播切片"",""四禧丸子"",""又一充电中"",""虚拟主播"",""攒攒家产～"",""丑衣服挑战""]",反应|穿搭|直播切片|四禧丸子|又一充电中|虚拟主播|攒攒家产～|丑衣服挑战,1,0,0,0,[],[],[],,http://i2.hdslb.com/bfs/archive/e801137ea283b6aa16df8db8abf7bdba35f0ff9d.png,https://www.bilibili.com/video/BV1aK7y6ZEQE,2026-06-10T20:00:33+00:00,又一充电中,1,1,keyword_search:又一充电中
BV1517y6wEJc,116697952422444,又一被Windows整破防后真的越讲越好笑,1780669727,2026-06-05T22:28:47+08:00,1780669727,116,27,2047,,78,0,0,1,0,0,3,"▷2026年6月5日晚间直播
▷又一的空间：https://space.bilibili.com/1217754423
▷又一的直播间：https://live.bilibili.com/23771092
▷欢迎关注@又一充电中 ！",1578739943,资深能不能放过这一次,[1578739943],"[{""mid"":1578739943,""name"":""资深能不能放过这一次"",""role"":""UP主""}]",1578739943,资深能不能放过这一次,245,,"[""虚拟UP主"",""杂谈"",""又一"",""直播切片"",""四禧丸子"",""又一充电中"",""电脑问题"",""系统更新"",""虚拟主播"",""攒攒家产～""]",虚拟UP主|杂谈|又一|直播切片|四禧丸子|又一充电中|电脑问题|系统更新|虚拟主播|攒攒家产～,1,0,0,0,[],[],[],,http://i2.hdslb.com/bfs/archive/0017247ae834057f377e71bd3b933e883e6e9092.png,https://www.bilibili.com/video/BV1517y6wEJc,2026-06-10T19:46:13+00:00,又一充电中,1,1,keyword_search:又一充电中
BV1L17y6wEzB,116697952425046,【又一】这次接到了三谋的工商😋因为这次丸子只有我一人，所以我私下跟泽音说好了咱俩联手，和音悦生一起善意组队😋又神哀求大家别抢注自己的id,1780669545,2026-06-05T22:25:45+08:00,1780669545,205,27,2047,,3190,0,16,10,0,1,119,"恬豆发芽了 https://space.bilibili.com/1660392980/
又一充电中 https://space.bilibili.com/1217754423/
沐霂是MUMU呀 https://space.bilibili.com/1878154667/
梨安不迷路 https://space.bilibili.com/1900141897/

又一2026年6月5日21:00场",35988650,蜘蛛侠_Official,[35988650],"[{""mid"":35988650,""name"":""蜘蛛侠_Official"",""role"":""UP主""}]",35988650,蜘蛛侠_Official,9945,,"[""虚拟偶像"",""逆天"",""搞笑"",""三谋"",""四禧丸子"",""又一充电中"",""泽音"",""善意组队"",""虚拟主播"",""整活""]",虚拟偶像|逆天|搞笑|三谋|四禧丸子|又一充电中|泽音|善意组队|虚拟主播|整活,1,0,0,0,[],[],[],,http://i0.hdslb.com/bfs/archive/90bdaa671c2531203218b61555753f7fcbaa0039.jpg,https://www.bilibili.com/video/BV1L17y6wEzB,2026-06-10T19:54:37+00:00,又一充电中,1,1,keyword_search:又一充电中
BV1VS7y6bEAn,116697902095949,【又一】神人又一把《地平线6》下在了C盘😅我吸取了恬豆梨安下在了D盘（机械盘）的教训，所以这次我特地下在了C盘，我所有的游戏都下在C盘的😤,1780668772,2026-06-05T22:12:52+08:00,1780668772,241,27,2047,,4393,0,69,18,2,2,103,"恬豆发芽了 https://space.bilibili.com/1660392980/
又一充电中 https://space.bilibili.com/1217754423/
沐霂是MUMU呀 https://space.bilibili.com/1878154667/
梨安不迷路 https://space.bilibili.com/1900141897/

又一2026年6月5日21:00场",35988650,蜘蛛侠_Official,[35988650],"[{""mid"":35988650,""name"":""蜘蛛侠_Official"",""role"":""UP主""}]",35988650,蜘蛛侠_Official,9945,,"[""虚拟偶像"",""搞笑"",""逆天"",""地平线6"",""四禧丸子"",""又一充电中"",""神人"",""抽象"",""虚拟主播"",""整活""]",虚拟偶像|搞笑|逆天|地平线6|四禧丸子|又一充电中|神人|抽象|虚拟主播|整活,1,0,0,0,[],[],[],,http://i2.hdslb.com/bfs/archive/a1cec4927a300f1160335d8b2897bd2b2875043f.jpg,https://www.bilibili.com/video/BV1VS7y6bEAn,2026-06-10T19:58:47+00:00,又一充电中,1,1,keyword_search:又一充电中
BV1Je7y6zExN,116697868536608,又一看臭臭梗越看越上头，顺手给恬豆写了二创剧本,1780668329,2026-06-05T22:05:29+08:00,1780668329,239,27,2047,,73,0,0,1,0,0,3,"▷2026年6月5日晚间直播
▷又一的空间：https://space.bilibili.com/1217754423
▷又一的直播间：https://live.bilibili.com/23771092
▷欢迎关注@又一充电中 ！",1578739943,资深能不能放过这一次,[1578739943],"[{""mid"":1578739943,""name"":""资深能不能放过这一次"",""role"":""UP主""}]",1578739943,资深能不能放过这一次,245,,"[""杂谈"",""塔菲"",""直播切片"",""四禧丸子"",""恬豆"",""又一充电中"",""二创"",""虚拟主播""]",杂谈|塔菲|直播切片|四禧丸子|恬豆|又一充电中|二创|虚拟主播,1,0,0,0,[],[],[],,http://i0.hdslb.com/bfs/archive/b831d200dd110a92b5745be85a9ec6536a7582bc.png,https://www.bilibili.com/video/BV1Je7y6zExN,2026-06-10T19:53:22+00:00,又一充电中,1,1,keyword_search:又一充电中
BV1Ei7y6MEGP,116697851760015,【又一】这次三谋工商，丸子只有我一个孤立无援，所以我们和泽音联合😎已经私下说好了，联合音悦生😊,1780668062,2026-06-05T22:01:02+08:00,1780668062,136,27,2047,,8239,2,38,53,0,10,296,"又一充电中 https://space.bilibili.com/1217754423/
梨安不迷路 https://space.bilibili.com/1900141897/
恬豆发芽了 https://space.bilibili.com/1660392980/
沐霂是MUMU呀 https://space.bilibili.com/1878154667/
2026.06.05直播剪辑",1113769832,秩序丶安,[1113769832],"[{""mid"":1113769832,""name"":""秩序丶安"",""role"":""UP主""}]",1113769832,秩序丶安,36936,,"[""搞笑"",""逆天"",""三谋"",""四禧丸子"",""又一充电中"",""泽音"",""抽象"",""虚拟主播"",""结盟"",""整活""]",搞笑|逆天|三谋|四禧丸子|又一充电中|泽音|抽象|虚拟主播|结盟|整活,1,0,0,0,[],[],[],,http://i1.hdslb.com/bfs/archive/086cf4e7123f7a3b437b6f97cd10529408ff620e.jpg,https://www.bilibili.com/video/BV1Ei7y6MEGP,2026-06-10T19:51:40+00:00,又一充电中,1,1,keyword_search:又一充电中
BV1ph7y6rENe,116697834984640,【又一】看塔菲的《你很臭喵🤢》看完还征求二创黑屁恬豆，已经想好了剧本：豆豆变成答辩我对她说“你很臭啊”😆头号黑豆包丝滑串豆😆,1780667859,2026-06-05T21:57:39+08:00,1780667859,174,27,2047,,2475,0,6,8,0,2,80,"恬豆发芽了 https://space.bilibili.com/1660392980/
又一充电中 https://space.bilibili.com/1217754423/
沐霂是MUMU呀 https://space.bilibili.com/1878154667/
梨安不迷路 https://space.bilibili.com/1900141897/

又一2026年6月5日21:00场",35988650,蜘蛛侠_Official,[35988650],"[{""mid"":35988650,""name"":""蜘蛛侠_Official"",""role"":""UP主""}]",35988650,蜘蛛侠_Official,9945,,"[""搞笑"",""可爱"",""虚拟偶像"",""逆天"",""四禧丸子"",""恬豆"",""又一充电中"",""抽象"",""虚拟主播"",""永雏塔菲""]",搞笑|可爱|虚拟偶像|逆天|四禧丸子|恬豆|又一充电中|抽象|虚拟主播|永雏塔菲,1,0,0,0,[],[],[],,http://i0.hdslb.com/bfs/archive/c5891a299923ad636425c257be27adb15c5b9f1c.jpg,https://www.bilibili.com/video/BV1ph7y6rENe,2026-06-10T20:08:03+00:00,又一充电中,1,1,keyword_search:又一充电中
BV1j67y6vE3v,116697801428891,【又一】看塔菲版《你很臭喵🤢》感觉比原版更对味啊😆随即秒写剧本黑屁恬豆求大家做二创😋黑豆包头子又开始了😅,1780667385,2026-06-05T21:49:45+08:00,1780667385,318,27,2047,,8824,0,17,42,2,3,230,"又一充电中 https://space.bilibili.com/1217754423/
梨安不迷路 https://space.bilibili.com/1900141897/
恬豆发芽了 https://space.bilibili.com/1660392980/
沐霂是MUMU呀 https://space.bilibili.com/1878154667/
2026.06.05直播剪辑",1113769832,秩序丶安,[1113769832],"[{""mid"":1113769832,""name"":""秩序丶安"",""role"":""UP主""}]",1113769832,秩序丶安,36936,,"[""搞笑"",""逆天"",""四禧丸子"",""恬豆"",""又一充电中"",""你很臭啊"",""抽象"",""虚拟主播"",""整活"",""永雏塔菲""]",搞笑|逆天|四禧丸子|恬豆|又一充电中|你很臭啊|抽象|虚拟主播|整活|永雏塔菲,1,0,0,0,[],[],[],,http://i0.hdslb.com/bfs/archive/64386ab549c62dad6bb59cb24ef90574b725e50b.jpg,https://www.bilibili.com/video/BV1j67y6vE3v,2026-06-10T20:04:29+00:00,又一充电中,1,1,keyword_search:又一充电中
BV1qk7y6PEvD,116697784718366,【又一】声情并茂地讲诉自己的吸虫事故，昨晚练歌时吸进一只小飞虫恶心得连晚饭都吐了出去🤮吐完还翻自己的呕吐物看看是什么虫字🤢越说越恶心连连干呕，差点又吐了🤢,1780666998,2026-06-05T21:43:18+08:00,1780666999,794,27,2047,,3887,5,31,46,2,3,123,"恬豆发芽了 https://space.bilibili.com/1660392980/
又一充电中 https://space.bilibili.com/1217754423/
沐霂是MUMU呀 https://space.bilibili.com/1878154667/
梨安不迷路 https://space.bilibili.com/1900141897/

又一2026年6月5日21:00场",35988650,蜘蛛侠_Official,[35988650],"[{""mid"":35988650,""name"":""蜘蛛侠_Official"",""role"":""UP主""}]",35988650,蜘蛛侠_Official,9945,,"[""可爱"",""逆天"",""虚拟偶像"",""搞笑"",""四禧丸子"",""又一充电中"",""恶心"",""抽象"",""虚拟主播"",""整活""]",可爱|逆天|虚拟偶像|搞笑|四禧丸子|又一充电中|恶心|抽象|虚拟主播|整活,1,0,0,0,[],[],[],,http://i2.hdslb.com/bfs/archive/2f110f8a9395cb765c9a2c715c272a0824bf520f.jpg,https://www.bilibili.com/video/BV1qk7y6PEvD,2026-06-10T20:08:22+00:00,又一充电中,1,1,keyword_search:又一充电中
BV1w37165EAg,116697734318843,又一练歌猛吸一口把虫子吞进肚子里还被朋友封为蛤蟆仙子,1780666559,2026-06-05T21:35:59+08:00,1780666559,496,27,2047,,759,2,3,15,0,1,11,"▷2026年6月5日晚间直播
▷又一的空间：https://space.bilibili.com/1217754423
▷又一的直播间：https://live.bilibili.com/23771092
▷欢迎关注@又一充电中 ！",1578739943,资深能不能放过这一次,[1578739943],"[{""mid"":1578739943,""name"":""资深能不能放过这一次"",""role"":""UP主""}]",1578739943,资深能不能放过这一次,245,,"[""虚拟UP主"",""杂谈"",""直播切片"",""四禧丸子"",""又一充电中"",""虚拟主播"",""练歌趣事"",""攒攒家产～""]",虚拟UP主|杂谈|直播切片|四禧丸子|又一充电中|虚拟主播|练歌趣事|攒攒家产～,1,0,0,0,[],[],[],,http://i0.hdslb.com/bfs/archive/8a13788e21b344ea3e1e26939ddbdf985e59918c.png,https://www.bilibili.com/video/BV1w37165EAg,2026-06-10T20:10:10+00:00,又一充电中,1,1,keyword_search:又一充电中
BV1BbEA6RErt,116692818593948,【又一】staff有位爱吃大果的，我闻了一下立马就知道是张新发的😎staff震惊了：我去你太强了😲又：我妈最爱吃这个了！闻香识大果，这就叫专业👍,1780617900,2026-06-05T08:05:00+08:00,1780591377,156,27,2047,,5968,0,39,45,1,16,275,"又一充电中 https://space.bilibili.com/1217754423/
梨安不迷路 https://space.bilibili.com/1900141897/
恬豆发芽了 https://space.bilibili.com/1660392980/
沐霂是MUMU呀 https://space.bilibili.com/1878154667/
2026.06.02直播剪辑",1113769832,秩序丶安,[1113769832],"[{""mid"":1113769832,""name"":""秩序丶安"",""role"":""UP主""}]",1113769832,秩序丶安,36936,,"[""逆天"",""搞笑"",""这就叫专业"",""四禧丸子"",""又一充电中"",""闻香识大果"",""槟榔"",""抽象"",""虚拟主播"",""整活""]",逆天|搞笑|这就叫专业|四禧丸子|又一充电中|闻香识大果|槟榔|抽象|虚拟主播|整活,1,0,0,0,[],[],[],,http://i2.hdslb.com/bfs/archive/b87a45f71f67868a84349b584835a2d9591088e7.jpg,https://www.bilibili.com/video/BV1BbEA6RErt,2026-06-10T19:49:54+00:00,又一充电中,1,1,keyword_search:又一充电中
BV1KkVt6xETX,116656479278690,【又一】和雪巨人战斗,1780616700,2026-06-05T07:45:00+08:00,1780036717,11,242,2006,,88,0,0,0,0,0,10,,37911360,丫本诚实,[37911360],"[{""mid"":37911360,""name"":""丫本诚实"",""role"":""UP主""}]",37911360,丫本诚实,301,,"[""兽人"",""美女"",""虚拟偶像"",""奇幻"",""又一"",""四禧丸子"",""又一充电中"",""巨人"",""虚拟主播"",""又一次怦然心动""]",兽人|美女|虚拟偶像|奇幻|又一|四禧丸子|又一充电中|巨人|虚拟主播|又一次怦然心动,1,0,1,8,"[""平台声明: 平台或文本明确标注含AI生成内容"",""平台声明: 文本说明AI参与内容制作""]",[],[],含AI生成内容,http://i1.hdslb.com/bfs/archive/6f20b926e3b13e79802602c25b28a9027f818aa8.jpg,https://www.bilibili.com/video/BV1KkVt6xETX,2026-06-10T19:54:04+00:00,又一充电中,1,1,keyword_search:又一充电中
BV1VpEP6UEwJ,116694110438984,Birds of a feather - Billie Eilish (Covered by 又一充电中Yoyi),1780611119,2026-06-05T06:11:59+08:00,1780610888,211,130,2020,,1037,1,27,41,74,5,161,I'LL LOVE YOU TILL THE DAY THAT I DIE,2307630,想要永远不死的风风,[2307630],"[{""mid"":2307630,""name"":""想要永远不死的风风"",""role"":""UP主""}]",2307630,想要永远不死的风风,293,,"[""COVER"",""四禧丸子"",""又一充电中"",""Birds of a feather"",""欧美翻唱"",""Billie Eilish"",""又一次怦然心动""]",COVER|四禧丸子|又一充电中|Birds of a feather|欧美翻唱|Billie Eilish|又一次怦然心动,0,0,0,0,[],[],"[""音乐相关标签: 欧美翻唱""]",,http://i1.hdslb.com/bfs/archive/f273f8c73de08c18e87a5f5920bcf59cd4525894.jpg,https://www.bilibili.com/video/BV1VpEP6UEwJ,2026-06-10T19:59:09+00:00,又一充电中,1,1,keyword_search:又一充电中
BV1ELEP6WENa,116692248170762,又一翻唱歌曲《孤雏》,1780582541,2026-06-04T22:15:41+08:00,1780582542,288,31,2020,,1546,3,59,72,104,3,222,"原唱：AGA
翻唱：@又一充电中  
25年又一生日会总督定制翻唱歌曲",3546692863396694,早睡早起1855,[3546692863396694],"[{""mid"":3546692863396694,""name"":""早睡早起1855"",""role"":""UP主""}]",3546692863396694,早睡早起1855,244,,"[""虚拟偶像"",""翻唱"",""四禧丸子"",""又一充电中"",""虚拟主播""]",虚拟偶像|翻唱|四禧丸子|又一充电中|虚拟主播,1,0,0,0,[],"[""AGA"",""孤雏""]","[""原唱: AGA"",""音乐关键词附近书名号: 《孤雏》"",""音乐相关标签: 翻唱""]",,http://i0.hdslb.com/bfs/archive/181d1f50c1e4e26e6a30f022b020a866defe29f1.jpg,https://www.bilibili.com/video/BV1ELEP6WENa,2026-06-10T19:51:12+00:00,又一充电中,1,1,keyword_search:又一充电中
BV11GEc6ZEQz,116691895851025,【恬豆】庆功宴上又一不肯去敬酒，我直接给她拽起来，如果不去给我们穿小鞋怎么办😠老板说给我们办线下演唱会，如果没有明年就当面拷打他：老板你去年前年也是这样说的！,1780581600,2026-06-04T22:00:00+08:00,1780577056,160,27,2047,,6701,6,32,48,0,4,229,"恬豆发芽了 https://space.bilibili.com/1660392980/
又一充电中 https://space.bilibili.com/1217754423/
沐霂是MUMU呀 https://space.bilibili.com/1878154667/
梨安不迷路 https://space.bilibili.com/1900141897/

恬豆2026年6月3日20:00场",35988650,蜘蛛侠_Official,[35988650],"[{""mid"":35988650,""name"":""蜘蛛侠_Official"",""role"":""UP主""}]",35988650,蜘蛛侠_Official,9945,,"[""虚拟偶像"",""可爱"",""搞笑"",""社交悍匪"",""四禧丸子"",""恬豆"",""又一充电中"",""专业陪酒"",""虚拟主播""]",虚拟偶像|可爱|搞笑|社交悍匪|四禧丸子|恬豆|又一充电中|专业陪酒|虚拟主播,1,0,0,0,[],[],[],,http://i1.hdslb.com/bfs/archive/2082e2cc1c377f8401e5a40b891aad499ee87267.jpg,https://www.bilibili.com/video/BV11GEc6ZEQz,2026-06-10T19:43:26+00:00,又一充电中,1,1,keyword_search:又一充电中
BV1YqEc6rEE1,116691627412027,【恬豆】牢豆看又一的神人投稿现场跟学起来了😅家人们，我感觉我活到头了😇,1780578300,2026-06-04T21:05:00+08:00,1780573002,85,27,2047,,5406,2,14,36,1,4,242,"恬豆发芽了 https://space.bilibili.com/1660392980/
梨安不迷路 https://space.bilibili.com/1900141897/
又一充电中 https://space.bilibili.com/1217754423/
沐霂是MUMU呀 https://space.bilibili.com/1878154667/
2026.06.03直播剪辑",1113769832,秩序丶安,[1113769832],"[{""mid"":1113769832,""name"":""秩序丶安"",""role"":""UP主""}]",1113769832,秩序丶安,36936,,"[""逆天"",""搞笑"",""四禧丸子"",""恬豆"",""又一充电中"",""没有人类了"",""抽象"",""呃呃"",""虚拟主播"",""整活""]",逆天|搞笑|四禧丸子|恬豆|又一充电中|没有人类了|抽象|呃呃|虚拟主播|整活,1,0,0,0,[],[],[],,http://i0.hdslb.com/bfs/archive/1afe991b3e2fff94d77fb50b0918943b798a7947.jpg,https://www.bilibili.com/video/BV1YqEc6rEE1,2026-06-10T20:00:25+00:00,又一充电中,1,1,keyword_search:又一充电中
BV1k17X6PEM6,116686057440352,【三理】看了丸子的切片不太想承认是我教她们粤语名字“沐霂=哞哞”😥有股隐形的压力😈难绷又一脱口而出“我要屙屎”差点笑喷出来🤣跟又神约合唱了，已新建文件夹,1780571100,2026-06-04T19:05:00+08:00,1780488049,250,27,2047,,5755,7,32,45,3,5,269,"三理Mit3uri https://space.bilibili.com/2030198123/
又一充电中 https://space.bilibili.com/1217754423/
沐霂是MUMU呀 https://space.bilibili.com/1878154667/
恬豆发芽了 https://space.bilibili.com/1660392980/
梨安不迷路 https://space.bilibili.com/1900141897/
2026.06.02三理直播剪辑",1113769832,秩序丶安,[1113769832],"[{""mid"":1113769832,""name"":""秩序丶安"",""role"":""UP主""}]",1113769832,秩序丶安,36936,,"[""逆天"",""搞笑"",""四禧丸子"",""沐霂"",""又一充电中"",""抽象"",""哞哞"",""虚拟主播"",""整活"",""三理""]",逆天|搞笑|四禧丸子|沐霂|又一充电中|抽象|哞哞|虚拟主播|整活|三理,1,0,0,0,[],[],[],,http://i0.hdslb.com/bfs/archive/52e026251add88bf9336aa37dd2d7fb8236e8823.jpg,https://www.bilibili.com/video/BV1k17X6PEM6,2026-06-10T20:04:42+00:00,又一充电中,1,1,keyword_search:又一充电中
BV15LEw61ExN,116691476417388,【又一充电中】又一神之一鼻识大果，惊呆粉丝,1780570763,2026-06-04T18:59:23+08:00,1780570763,67,27,2047,,1844,1,4,16,0,1,46,"好欢快啊，好爱看又一充电中的直播精彩片段！
又一充电中的主页：https://space.bilibili.com/1217754423
又一充电中的直播间：https://live.bilibili.com/23771092",1492446025,V圈切片姬,[1492446025],"[{""mid"":1492446025,""name"":""V圈切片姬"",""role"":""UP主""}]",1492446025,V圈切片姬,11147,,"[""娱乐"",""搞笑"",""又一"",""又一充电中"",""聊天""]",娱乐|搞笑|又一|又一充电中|聊天,0,0,0,0,[],[],[],,http://i1.hdslb.com/bfs/archive/3b9300dbfb82a5003acff9901d6753366f490275.jpg,https://www.bilibili.com/video/BV15LEw61ExN,2026-06-10T19:46:36+00:00,又一充电中,1,1,keyword_search:又一充电中
BV1jGEw6mEPm,116691442861661,【又一充电中】又一顶级i人被e人玩弄于股掌之中，反应也太搞笑了,1780570240,2026-06-04T18:50:40+08:00,1780570240,55,27,2047,,725,0,0,4,0,1,14,"好欢快啊，好爱看又一充电中的直播精彩片段！
又一充电中的主页：https://space.bilibili.com/1217754423
又一充电中的直播间：https://live.bilibili.com/23771092",1492446025,V圈切片姬,[1492446025],"[{""mid"":1492446025,""name"":""V圈切片姬"",""role"":""UP主""}]",1492446025,V圈切片姬,11147,,"[""娱乐"",""搞笑"",""又一"",""又一充电中"",""i人"",""e人""]",娱乐|搞笑|又一|又一充电中|i人|e人,0,0,0,0,[],[],[],,http://i1.hdslb.com/bfs/archive/86cadb77b107b4958c6cf374584be862533ba2d3.jpg,https://www.bilibili.com/video/BV1jGEw6mEPm,2026-06-10T20:04:33+00:00,又一充电中,1,1,keyword_search:又一充电中
BV19ZEF6MEti,116690117465738,【恬豆】看又一发的抽象视频现看现学，她经常要我帮她拍一些抽象视频😅看完后豆豆表示喜欢，只有我能理解她吗😋啧啧啧，这又一坨真的太甜了，俩人真是臭味相投啊,1780566900,2026-06-04T17:55:00+08:00,1780550037,93,27,2047,,3659,0,12,19,2,1,142,"恬豆发芽了 https://space.bilibili.com/1660392980/
又一充电中 https://space.bilibili.com/1217754423/
沐霂是MUMU呀 https://space.bilibili.com/1878154667/
梨安不迷路 https://space.bilibili.com/1900141897/

恬豆2026年6月3日20:00场",35988650,蜘蛛侠_Official,[35988650],"[{""mid"":35988650,""name"":""蜘蛛侠_Official"",""role"":""UP主""}]",35988650,蜘蛛侠_Official,9945,,"[""可爱"",""搞笑"",""虚拟偶像"",""四禧丸子"",""恬豆"",""又一充电中"",""又一坨甜甜甜"",""怡雨症"",""虚拟主播"",""臭味相投""]",可爱|搞笑|虚拟偶像|四禧丸子|恬豆|又一充电中|又一坨甜甜甜|怡雨症|虚拟主播|臭味相投,1,0,0,0,[],[],[],,http://i0.hdslb.com/bfs/archive/264c5807b341ab47e354afa478157f6985a36261.jpg,https://www.bilibili.com/video/BV19ZEF6MEti,2026-06-10T19:48:20+00:00,又一充电中,1,1,keyword_search:又一充电中
